TIMESTAMP,Plot,Value
2022-06-22T09:00:00Z,C,103.58333333333334
2022-06-22T09:00:00Z,F,80.07058823529412
2022-06-22T09:00:00Z,S,47.66666666666667
2022-06-22T09:05:00Z,C,103.16666666666667
2022-06-22T09:05:00Z,F,80.6875
2022-06-22T09:05:00Z,S,47.861111111111114
2022-06-22T09:10:00Z,C,104.44444444444443
2022-06-22T09:10:00Z,F,79.28571428571429
2022-06-22T09:10:00Z,S,47.80555555555556
2022-06-22T09:15:00Z,C,103.94444444444446
2022-06-22T09:15:00Z,F,79.78823529411764
2022-06-22T09:15:00Z,S,47.77777777777778
2022-06-22T09:20:00Z,C,103.83333333333333
2022-06-22T09:20:00Z,F,79.73469387755102
2022-06-22T09:20:00Z,S,47.916666666666664
2022-06-22T09:25:00Z,C,103.88888888888887
2022-06-22T09:25:00Z,F,79.9795918367347
2022-06-22T09:25:00Z,S,48.05555555555556
2022-06-22T09:30:00Z,C,103.83333333333333
2022-06-22T09:30:00Z,F,80.03529411764706
2022-06-22T09:30:00Z,S,48.19444444444444
2022-06-22T09:35:00Z,C,104.16666666666667
2022-06-22T09:35:00Z,F,79.81632653061224
2022-06-22T09:35:00Z,S,48.44444444444444
2022-06-22T09:40:00Z,C,103.91666666666667
2022-06-22T09:40:00Z,F,80.28571428571429
2022-06-22T09:40:00Z,S,48.388888888888886
2022-06-22T09:45:00Z,C,105.4411764705882
2022-06-22T09:45:00Z,F,79.97647058823529
2022-06-22T09:45:00Z,S,47.611111111111114
2022-06-22T09:50:00Z,C,103.13888888888887
2022-06-22T09:50:00Z,F,79.53061224489795
2022-06-22T09:50:00Z,S,48
2022-06-22T09:55:00Z,C,102.94444444444443
2022-06-22T09:55:00Z,F,79.28571428571429
2022-06-22T09:55:00Z,S,48.19444444444444
2022-06-22T10:00:00Z,C,103.41666666666667
2022-06-22T10:00:00Z,F,80.03529411764706
2022-06-22T10:00:00Z,S,47.77777777777778
2022-06-22T10:05:00Z,C,103.55555555555557
2022-06-22T10:05:00Z,F,80.06122448979592
2022-06-22T10:05:00Z,S,48.33333333333333
2022-06-22T10:10:00Z,C,103.30555555555557
2022-06-22T10:10:00Z,F,79.61224489795919
2022-06-22T10:10:00Z,S,47.97222222222222
2022-06-22T10:15:00Z,C,103.19444444444447
2022-06-22T10:15:00Z,F,80.25882352941177
2022-06-22T10:15:00Z,S,49.388888888888886
2022-06-22T10:20:00Z,C,103.55555555555557
2022-06-22T10:20:00Z,F,81.34693877551021
2022-06-22T10:20:00Z,S,80.38888888888889
2022-06-22T10:25:00Z,C,103.36111111111113
2022-06-22T10:25:00Z,F,84.04081632653062
2022-06-22T10:25:00Z,S,110.66666666666666
2022-06-22T10:30:00Z,C,102.86111111111113
2022-06-22T10:30:00Z,F,86.16470588235293
2022-06-22T10:30:00Z,S,139.66666666666669
2022-06-22T10:35:00Z,C,103.55555555555557
2022-06-22T10:35:00Z,F,88.55102040816327
2022-06-22T10:35:00Z,S,164.36111111111111
2022-06-22T10:40:00Z,C,103.30555555555557
2022-06-22T10:40:00Z,F,89.08163265306122
2022-06-22T10:40:00Z,S,185.75
2022-06-22T10:45:00Z,C,103.05555555555554
2022-06-22T10:45:00Z,F,91.23529411764706
2022-06-22T10:45:00Z,S,239.11111111111111
2022-06-22T10:50:00Z,C,103.41666666666667
2022-06-22T10:50:00Z,F,91.61224489795919
2022-06-22T10:50:00Z,S,298.8
2022-06-22T10:55:00Z,C,103.88888888888887
2022-06-22T10:55:00Z,F,93.26530612244898
2022-06-22T10:55:00Z,S,330.41666666666663
2022-06-22T11:00:00Z,C,102.63888888888887
2022-06-22T11:00:00Z,F,94.31764705882352
2022-06-22T11:00:00Z,S,363.05555555555554
2022-06-22T11:05:00Z,C,103.47222222222223
2022-06-22T11:05:00Z,F,94.81632653061224
2022-06-22T11:05:00Z,S,392.02777777777777
2022-06-22T11:10:00Z,C,103.80555555555557
2022-06-22T11:10:00Z,F,95.6734693877551
2022-06-22T11:10:00Z,S,401.55555555555554
2022-06-22T11:15:00Z,C,103.41666666666666
2022-06-22T11:15:00Z,F,97.54117647058823
2022-06-22T11:15:00Z,S,428.02777777777777
2022-06-22T11:20:00Z,C,104.45714285714286
2022-06-22T11:20:00Z,F,98.18367346938776
2022-06-22T11:20:00Z,S,444.97222222222223
2022-06-22T11:25:00Z,C,103.66666666666667
2022-06-22T11:25:00Z,F,100.65306122448979
2022-06-22T11:25:00Z,S,456.22222222222223
2022-06-22T11:30:00Z,C,103.47222222222226
2022-06-22T11:30:00Z,F,101.30588235294118
2022-06-22T11:30:00Z,S,480.3888888888889
2022-06-22T11:35:00Z,C,103.08333333333333
2022-06-22T11:35:00Z,F,100.83673469387755
2022-06-22T11:35:00Z,S,489.25
2022-06-22T11:40:00Z,C,103.75
2022-06-22T11:40:00Z,F,101.6734693877551
2022-06-22T11:40:00Z,S,513.8888888888889
2022-06-22T11:45:00Z,C,103.11111111111113
2022-06-22T11:45:00Z,F,102.17647058823529
2022-06-22T11:45:00Z,S,562.9714285714285
2022-06-22T11:50:00Z,C,102.66666666666667
2022-06-22T11:50:00Z,F,101.73469387755102
2022-06-22T11:50:00Z,S,588.5555555555555
2022-06-22T11:55:00Z,C,102.94444444444443
2022-06-22T11:55:00Z,F,101.9795918367347
2022-06-22T11:55:00Z,S,592.2222222222222
2022-06-22T12:00:00Z,C,103.08333333333334
2022-06-22T12:00:00Z,F,103.12941176470588
2022-06-22T12:00:00Z,S,619.3611111111111
2022-06-22T12:05:00Z,C,103.61111111111113
2022-06-22T12:05:00Z,F,103.53061224489795
2022-06-22T12:05:00Z,S,634.3333333333333
2022-06-22T12:10:00Z,C,104.25
2022-06-22T12:10:00Z,F,103.42857142857143
2022-06-22T12:10:00Z,S,664.6857142857143
2022-06-22T12:15:00Z,C,102.77777777777774
2022-06-22T12:15:00Z,F,103.13253012048193
2022-06-22T12:15:00Z,S,678.9166666666667
2022-06-22T12:20:00Z,C,103.72222222222224
2022-06-22T12:20:00Z,F,104.77551020408163
2022-06-22T12:20:00Z,S,714.0833333333333
2022-06-22T12:25:00Z,C,102.75
2022-06-22T12:25:00Z,F,104.59183673469389
2022-06-22T12:25:00Z,S,735.0555555555555
2022-06-22T12:30:00Z,C,103.25
2022-06-22T12:30:00Z,F,105.15294117647059
2022-06-22T12:30:00Z,S,771.7777777777778
2022-06-22T12:35:00Z,C,102.88888888888887
2022-06-22T12:35:00Z,F,104.93877551020408
2022-06-22T12:35:00Z,S,799.3333333333333
2022-06-22T12:40:00Z,C,103.47222222222223
2022-06-22T12:40:00Z,F,105.34693877551021
2022-06-22T12:40:00Z,S,813.1944444444445
2022-06-22T12:45:00Z,C,103.47222222222226
2022-06-22T12:45:00Z,F,106.30588235294118
2022-06-22T12:45:00Z,S,826.8888888888889
2022-06-22T12:50:00Z,C,103.47222222222224
2022-06-22T12:50:00Z,F,106.24489795918367
2022-06-22T12:50:00Z,S,851.4166666666667
2022-06-22T12:55:00Z,C,104.30555555555557
2022-06-22T12:55:00Z,F,106.53061224489795
2022-06-22T12:55:00Z,S,877.6111111111111
2022-06-22T13:00:00Z,C,103.88888888888887
2022-06-22T13:00:00Z,F,106.65882352941178
2022-06-22T13:00:00Z,S,907.1944444444445
2022-06-22T13:05:00Z,C,103.97222222222224
2022-06-22T13:05:00Z,F,106
2022-06-22T13:05:00Z,S,927.5555555555555
2022-06-22T13:10:00Z,C,103.19444444444443
2022-06-22T13:10:00Z,F,107.0204081632653
2022-06-22T13:10:00Z,S,913.4166666666667
2022-06-22T13:15:00Z,C,103.66666666666666
2022-06-22T13:15:00Z,F,108.30588235294118
2022-06-22T13:15:00Z,S,926
2022-06-22T13:20:00Z,C,103.08333333333333
2022-06-22T13:20:00Z,F,106.87755102040816
2022-06-22T13:20:00Z,S,967.3333333333333
2022-06-22T13:25:00Z,C,103.13888888888887
2022-06-22T13:25:00Z,F,106.42857142857143
2022-06-22T13:25:00Z,S,1003.0555555555555
2022-06-22T13:30:00Z,C,102.91666666666666
2022-06-22T13:30:00Z,F,107.10588235294117
2022-06-22T13:30:00Z,S,1024.611111111111
2022-06-22T13:35:00Z,C,103.63888888888887
2022-06-22T13:35:00Z,F,107.34693877551021
2022-06-22T13:35:00Z,S,1046.9722222222222
2022-06-22T13:40:00Z,C,103.44444444444443
2022-06-22T13:40:00Z,F,107.20408163265306
2022-06-22T13:40:00Z,S,1093.111111111111
2022-06-22T13:45:00Z,C,103.02777777777774
2022-06-22T13:45:00Z,F,108.61176470588235
2022-06-22T13:45:00Z,S,1116.2222222222222
2022-06-22T13:50:00Z,C,103.30555555555557
2022-06-22T13:50:00Z,F,106.93877551020408
2022-06-22T13:50:00Z,S,1149.138888888889
2022-06-22T13:55:00Z,C,103.11111111111113
2022-06-22T13:55:00Z,F,107.12244897959184
2022-06-22T13:55:00Z,S,1192.2777777777778
2022-06-22T14:00:00Z,C,102.66666666666666
2022-06-22T14:00:00Z,F,107.87058823529412
2022-06-22T14:00:00Z,S,1242.7777777777778
2022-06-22T14:05:00Z,C,103.66666666666667
2022-06-22T14:05:00Z,F,108.22448979591837
2022-06-22T14:05:00Z,S,1279.5
2022-06-22T14:10:00Z,C,103.38888888888887
2022-06-22T14:10:00Z,F,108.24489795918367
2022-06-22T14:10:00Z,S,1321.3055555555557
2022-06-22T14:15:00Z,C,102.66666666666666
2022-06-22T14:15:00Z,F,109.55294117647058
2022-06-22T14:15:00Z,S,1333
2022-06-22T14:20:00Z,C,103.02777777777777
2022-06-22T14:20:00Z,F,109.06122448979592
2022-06-22T14:20:00Z,S,1354.111111111111
2022-06-22T14:25:00Z,C,103.25
2022-06-22T14:25:00Z,F,108.3125
2022-06-22T14:25:00Z,S,1385.1944444444443
2022-06-22T14:30:00Z,C,103.19444444444446
2022-06-22T14:30:00Z,F,109.16470588235293
2022-06-22T14:30:00Z,S,1396.0277777777778
2022-06-22T14:35:00Z,C,103.16666666666667
2022-06-22T14:35:00Z,F,109.14285714285714
2022-06-22T14:35:00Z,S,1423
2022-06-22T14:40:00Z,C,103.77777777777776
2022-06-22T14:40:00Z,F,109.18367346938776
2022-06-22T14:40:00Z,S,1446.9444444444443
2022-06-22T14:45:00Z,C,102.97222222222226
2022-06-22T14:45:00Z,F,111.25882352941177
2022-06-22T14:45:00Z,S,1472.5
2022-06-22T14:50:00Z,C,102.58333333333333
2022-06-22T14:50:00Z,F,110.93877551020408
2022-06-22T14:50:00Z,S,1494.0857142857144
2022-06-22T14:55:00Z,C,103.33333333333333
2022-06-22T14:55:00Z,F,110.83673469387755
2022-06-22T14:55:00Z,S,1495.6571428571428
2022-06-22T15:00:00Z,C,101.44444444444446
2022-06-22T15:00:00Z,F,110.71764705882353
2022-06-22T15:00:00Z,S,1526.5277777777778
2022-06-22T15:05:00Z,C,103.16666666666667
2022-06-22T15:05:00Z,F,110.20408163265306
2022-06-22T15:05:00Z,S,1536.5833333333335
2022-06-22T15:10:00Z,C,103.36111111111113
2022-06-22T15:10:00Z,F,110.6734693877551
2022-06-22T15:10:00Z,S,1546.6666666666665
2022-06-22T15:15:00Z,C,103.75
2022-06-22T15:15:00Z,F,112.03529411764706
2022-06-22T15:15:00Z,S,1559.3142857142857
2022-06-22T15:20:00Z,C,104.16666666666667
2022-06-22T15:20:00Z,F,110.77551020408163
2022-06-22T15:20:00Z,S,1580.1944444444443
2022-06-22T15:25:00Z,C,102.80000000000001
2022-06-22T15:25:00Z,F,111.46938775510205
2022-06-22T15:25:00Z,S,1582.5277777777778
2022-06-22T15:30:00Z,C,103.63888888888887
2022-06-22T15:30:00Z,F,113.36470588235294
2022-06-22T15:30:00Z,S,1627.1176470588234
2022-06-22T15:35:00Z,C,103.94444444444443
2022-06-22T15:35:00Z,F,112.87755102040816
2022-06-22T15:35:00Z,S,1602.6944444444443
2022-06-22T15:40:00Z,C,102.58333333333333
2022-06-22T15:40:00Z,F,111.93877551020408
2022-06-22T15:40:00Z,S,1623.638888888889
2022-06-22T15:45:00Z,C,103.02777777777774
2022-06-22T15:45:00Z,F,113.7764705882353
2022-06-22T15:45:00Z,S,1639.9722222222222
2022-06-22T15:50:00Z,C,102.16666666666667
2022-06-22T15:50:00Z,F,113.59183673469389
2022-06-22T15:50:00Z,S,1653.361111111111
2022-06-22T15:55:00Z,C,102.08333333333333
2022-06-22T15:55:00Z,F,112.17021276595744
2022-06-22T15:55:00Z,S,1660.3333333333333
2022-06-22T16:00:00Z,C,103.52777777777774
2022-06-22T16:00:00Z,F,113.85365853658536
2022-06-22T16:00:00Z,S,1685.1944444444443
2022-06-22T16:05:00Z,C,102.86111111111113
2022-06-22T16:05:00Z,F,113.53061224489795
2022-06-22T16:05:00Z,S,1703.0277777777778
2022-06-22T16:10:00Z,C,102.58333333333333
2022-06-22T16:10:00Z,F,113.10416666666667
2022-06-22T16:10:00Z,S,1695.0555555555557
2022-06-22T16:15:00Z,C,103.5
2022-06-22T16:15:00Z,F,114.72941176470587
2022-06-22T16:15:00Z,S,1661.942857142857
2022-06-22T16:20:00Z,C,102.66666666666667
2022-06-22T16:20:00Z,F,114.55102040816327
2022-06-22T16:20:00Z,S,1672.6857142857143
2022-06-22T16:25:00Z,C,103.13888888888887
2022-06-22T16:25:00Z,F,114.06122448979592
2022-06-22T16:25:00Z,S,1726.0285714285715
2022-06-22T16:30:00Z,C,103.33333333333333
2022-06-22T16:30:00Z,F,115.02352941176471
2022-06-22T16:30:00Z,S,1715
2022-06-22T16:35:00Z,C,102.77777777777777
2022-06-22T16:35:00Z,F,115.08163265306122
2022-06-22T16:35:00Z,S,1742.2777777777778
2022-06-22T16:40:00Z,C,102.55555555555557
2022-06-22T16:40:00Z,F,114.75510204081633
2022-06-22T16:40:00Z,S,1750.4166666666667
2022-06-22T16:45:00Z,C,103.08333333333334
2022-06-22T16:45:00Z,F,115.63529411764706
2022-06-22T16:45:00Z,S,1753.7777777777778
2022-06-22T16:50:00Z,C,102.91666666666667
2022-06-22T16:50:00Z,F,115.0204081632653
2022-06-22T16:50:00Z,S,1762.6
2022-06-22T16:55:00Z,C,101.83333333333333
2022-06-22T16:55:00Z,F,114.91836734693878
2022-06-22T16:55:00Z,S,1795.8285714285714
2022-06-22T17:00:00Z,C,102.83333333333333
2022-06-22T17:00:00Z,F,117.03529411764706
2022-06-22T17:00:00Z,S,1781.5555555555557
2022-06-22T17:05:00Z,C,103.27777777777777
2022-06-22T17:05:00Z,F,115.57142857142857
2022-06-22T17:05:00Z,S,1784.25
2022-06-22T17:10:00Z,C,102.83333333333333
2022-06-22T17:10:00Z,F,115
2022-06-22T17:10:00Z,S,1784.888888888889
2022-06-22T17:15:00Z,C,102.80555555555553
2022-06-22T17:15:00Z,F,116.88235294117646
2022-06-22T17:15:00Z,S,1811.4166666666665
2022-06-22T17:20:00Z,C,102.16666666666667
2022-06-22T17:20:00Z,F,115.9795918367347
2022-06-22T17:20:00Z,S,1802.3055555555557
2022-06-22T17:25:00Z,C,101.69444444444443
2022-06-22T17:25:00Z,F,115.77551020408163
2022-06-22T17:25:00Z,S,1813.0277777777778
2022-06-22T17:30:00Z,C,102.74285714285713
2022-06-22T17:30:00Z,F,116.8048780487805
2022-06-22T17:30:00Z,S,1819.4722222222222
2022-06-22T17:35:00Z,C,104.28571428571428
2022-06-22T17:35:00Z,F,116.27659574468085
2022-06-22T17:35:00Z,S,1815.5
2022-06-22T17:40:00Z,C,101.40000000000002
2022-06-22T17:40:00Z,F,115.73469387755102
2022-06-22T17:40:00Z,S,1824.9722222222222
2022-06-22T17:45:00Z,C,102.08333333333334
2022-06-22T17:45:00Z,F,117.71764705882353
2022-06-22T17:45:00Z,S,1831.4444444444443
2022-06-22T17:50:00Z,C,101.91666666666667
2022-06-22T17:50:00Z,F,115.79591836734694
2022-06-22T17:50:00Z,S,1842.6944444444443
2022-06-22T17:55:00Z,C,101.41666666666667
2022-06-22T17:55:00Z,F,116.22448979591837
2022-06-22T17:55:00Z,S,1845.638888888889
2022-06-22T18:00:00Z,C,101.38888888888887
2022-06-22T18:00:00Z,F,117.2
2022-06-22T18:00:00Z,S,1844.0277777777778
2022-06-22T18:05:00Z,C,100.94444444444443
2022-06-22T18:05:00Z,F,116.14583333333333
2022-06-22T18:05:00Z,S,1852.5833333333335
2022-06-22T18:10:00Z,C,103.22222222222223
2022-06-22T18:10:00Z,F,116.71428571428571
2022-06-22T18:10:00Z,S,1869.5555555555557
2022-06-22T18:15:00Z,C,101.27777777777774
2022-06-22T18:15:00Z,F,118.18823529411765
2022-06-22T18:15:00Z,S,1863.1666666666665
2022-06-22T18:20:00Z,C,101.47222222222223
2022-06-22T18:20:00Z,F,117.51020408163265
2022-06-22T18:20:00Z,S,1870.5555555555557
2022-06-22T18:25:00Z,C,101.94444444444443
2022-06-22T18:25:00Z,F,116.63265306122449
2022-06-22T18:25:00Z,S,1876.4166666666665
2022-06-22T18:30:00Z,C,101.94444444444444
2022-06-22T18:30:00Z,F,118.34117647058824
2022-06-22T18:30:00Z,S,1888.9166666666665
2022-06-22T18:35:00Z,C,101.63888888888887
2022-06-22T18:35:00Z,F,116.44897959183673
2022-06-22T18:35:00Z,S,1887.0833333333335
2022-06-22T18:40:00Z,C,101.88888888888887
2022-06-22T18:40:00Z,F,116.0204081632653
2022-06-22T18:40:00Z,S,1890.5555555555557
2022-06-22T18:45:00Z,C,102.11111111111113
2022-06-22T18:45:00Z,F,118.21176470588235
2022-06-22T18:45:00Z,S,1888.6666666666665
2022-06-22T18:50:00Z,C,101.22222222222223
2022-06-22T18:50:00Z,F,115.91836734693878
2022-06-22T18:50:00Z,S,1901.0833333333335
2022-06-22T18:55:00Z,C,100.72222222222223
2022-06-22T18:55:00Z,F,117.08510638297872
2022-06-22T18:55:00Z,S,1897.8055555555557
2022-06-22T19:00:00Z,C,102.5
2022-06-22T19:00:00Z,F,117.62352941176471
2022-06-22T19:00:00Z,S,1902.1666666666665
2023-06-06T09:00:00Z,C,115.94999999999997
2023-06-06T09:00:00Z,F,89.75
2023-06-06T09:00:00Z,S,76.68085106382979
2023-06-06T09:05:00Z,C,143.75
2023-06-06T09:05:00Z,S,77.83333333333333
2023-06-06T09:10:00Z,C,145
2023-06-06T09:10:00Z,S,77.5
2023-06-06T09:15:00Z,C,116.51666666666668
2023-06-06T09:15:00Z,F,89.19444444444444
2023-06-06T09:15:00Z,S,75.02083333333333
2023-06-06T09:20:00Z,C,144.33333333333334
2023-06-06T09:20:00Z,S,78.16666666666667
2023-06-06T09:25:00Z,C,143.33333333333334
2023-06-06T09:25:00Z,S,78
2023-06-06T09:30:00Z,C,115.58333333333331
2023-06-06T09:30:00Z,F,89.30555555555556
2023-06-06T09:30:00Z,S,76.80434782608695
2023-06-06T09:35:00Z,C,143.33333333333334
2023-06-06T09:35:00Z,S,78
2023-06-06T09:40:00Z,C,143.75
2023-06-06T09:40:00Z,S,77.75
2023-06-06T09:45:00Z,C,115.61666666666666
2023-06-06T09:45:00Z,F,89.30555555555556
2023-06-06T09:45:00Z,S,75.95833333333333
2023-06-06T09:50:00Z,C,141.91666666666666
2023-06-06T09:50:00Z,S,115.91666666666666
2023-06-06T09:55:00Z,C,143.08333333333334
2023-06-06T09:55:00Z,S,168.25
2023-06-06T10:00:00Z,C,116.19999999999997
2023-06-06T10:00:00Z,F,93.05555555555556
2023-06-06T10:00:00Z,S,165.85416666666669
2023-06-06T10:05:00Z,C,143.5
2023-06-06T10:05:00Z,S,252.45454545454544
2023-06-06T10:10:00Z,C,142.25
2023-06-06T10:10:00Z,S,284.41666666666663
2023-06-06T10:15:00Z,C,115.51666666666668
2023-06-06T10:15:00Z,F,99.58333333333333
2023-06-06T10:15:00Z,S,238.33333333333334
2023-06-06T10:20:00Z,C,143.75
2023-06-06T10:20:00Z,S,334.91666666666663
2023-06-06T10:25:00Z,C,143.83333333333334
2023-06-06T10:25:00Z,S,357.16666666666663
2023-06-06T10:30:00Z,C,115.51666666666668
2023-06-06T10:30:00Z,F,103.62857142857143
2023-06-06T10:30:00Z,S,341.4375
2023-06-06T10:35:00Z,C,142.58333333333334
2023-06-06T10:35:00Z,S,382.54545454545456
2023-06-06T10:40:00Z,C,143.66666666666666
2023-06-06T10:40:00Z,S,415.33333333333337
2023-06-06T10:45:00Z,C,114.21666666666664
2023-06-06T10:45:00Z,F,105.33333333333333
2023-06-06T10:45:00Z,S,405.4347826086957
2023-06-06T10:50:00Z,C,143.58333333333334
2023-06-06T10:50:00Z,S,447.33333333333337
2023-06-06T10:55:00Z,C,142.5
2023-06-06T10:55:00Z,S,464.16666666666663
2023-06-06T11:00:00Z,C,114.98333333333332
2023-06-06T11:00:00Z,F,106.97222222222223
2023-06-06T11:00:00Z,S,472.22916666666663
2023-06-06T11:05:00Z,C,143.83333333333334
2023-06-06T11:05:00Z,S,490.66666666666663
2023-06-06T11:10:00Z,C,140.8181818181818
2023-06-06T11:10:00Z,S,504.25
2023-06-06T11:15:00Z,C,115.30000000000003
2023-06-06T11:15:00Z,F,74.88235294117646
2023-06-06T11:15:00Z,S,564.5833333333333
2023-06-06T11:20:00Z,C,142.41666666666666
2023-06-06T11:20:00Z,S,563.4166666666667
2023-06-06T11:25:00Z,C,143.33333333333334
2023-06-06T11:25:00Z,S,619.2727272727273
2023-06-06T11:30:00Z,C,115.11666666666667
2023-06-06T11:30:00Z,F,71.63888888888887
2023-06-06T11:30:00Z,S,650.75
2023-06-06T11:35:00Z,C,142.66666666666666
2023-06-06T11:35:00Z,S,643.0833333333334
2023-06-06T11:40:00Z,C,141.83333333333334
2023-06-06T11:40:00Z,S,663.5
2023-06-06T11:45:00Z,C,114.6833333333333
2023-06-06T11:45:00Z,F,110.61111111111111
2023-06-06T11:45:00Z,S,741.8541666666667
2023-06-06T11:50:00Z,C,143.33333333333334
2023-06-06T11:50:00Z,S,693.9166666666667
2023-06-06T11:55:00Z,C,142.33333333333334
2023-06-06T11:55:00Z,S,710.5
2023-06-06T12:00:00Z,C,115.46666666666664
2023-06-06T12:00:00Z,F,111.80555555555556
2023-06-06T12:00:00Z,S,807.4375
2023-06-06T12:05:00Z,C,143.5
2023-06-06T12:05:00Z,S,733.3333333333333
2023-06-06T12:10:00Z,C,142.91666666666666
2023-06-06T12:10:00Z,S,798.1818181818181
2023-06-06T12:15:00Z,C,114.41666666666669
2023-06-06T12:15:00Z,F,109.42857142857143
2023-06-06T12:15:00Z,S,870.8333333333333
2023-06-06T12:20:00Z,C,141.91666666666666
2023-06-06T12:20:00Z,S,762.8333333333334
2023-06-06T12:25:00Z,C,140.75
2023-06-06T12:25:00Z,S,728.8333333333334
2023-06-06T12:30:00Z,C,115.48333333333332
2023-06-06T12:30:00Z,F,113.13888888888889
2023-06-06T12:30:00Z,S,856.7446808510638
2023-06-06T12:35:00Z,C,143.33333333333334
2023-06-06T12:35:00Z,S,777.5
2023-06-06T12:40:00Z,C,142.58333333333334
2023-06-06T12:40:00Z,S,791.5833333333334
2023-06-06T12:45:00Z,C,113.88333333333335
2023-06-06T12:45:00Z,F,110.71428571428571
2023-06-06T12:45:00Z,S,913.7083333333333
2023-06-06T12:50:00Z,S,820.0833333333333
2023-06-06T12:55:00Z,C,141.83333333333334
2023-06-06T12:55:00Z,S,836.3333333333333
2023-06-06T13:00:00Z,C,114.71666666666664
2023-06-06T13:00:00Z,F,114
2023-06-06T13:00:00Z,S,988.6875
2023-06-06T13:05:00Z,C,143.91666666666666
2023-06-06T13:05:00Z,S,892.4166666666667
2023-06-06T13:10:00Z,C,115.9090909090909
2023-06-06T13:10:00Z,S,906.5833333333333
2023-06-06T13:15:00Z,C,114.90000000000002
2023-06-06T13:15:00Z,F,114.52777777777777
2023-06-06T13:15:00Z,S,1039.2916666666665
2023-06-06T13:20:00Z,C,141.16666666666666
2023-06-06T13:20:00Z,S,931.5833333333333
2023-06-06T13:25:00Z,C,143.5
2023-06-06T13:25:00Z,S,942.9166666666667
2023-06-06T13:30:00Z,C,114.33333333333331
2023-06-06T13:30:00Z,F,116.47222222222223
2023-06-06T13:30:00Z,S,1074.6041666666665
2023-06-06T13:35:00Z,C,142.5
2023-06-06T13:35:00Z,S,962.25
2023-06-06T13:40:00Z,C,141.58333333333334
2023-06-06T13:40:00Z,S,978.5
2023-06-06T13:45:00Z,C,115.13333333333334
2023-06-06T13:45:00Z,F,116.94444444444444
2023-06-06T13:45:00Z,S,1130.0625
2023-06-06T13:50:00Z,C,140.5
2023-06-06T13:50:00Z,S,1043.8333333333333
2023-06-06T13:55:00Z,C,141.83333333333334
2023-06-06T13:55:00Z,S,1055.9166666666667
2023-06-06T14:00:00Z,C,97.61403508771929
2023-06-06T14:00:00Z,F,118.58333333333333
2023-06-06T14:00:00Z,S,1178.8958333333335
2023-06-06T14:05:00Z,C,141.33333333333334
2023-06-06T14:05:00Z,S,1080.75
2023-06-06T14:10:00Z,C,142.25
2023-06-06T14:10:00Z,S,1092.0833333333333
2023-06-06T14:15:00Z,C,113.58333333333331
2023-06-06T14:15:00Z,F,120.11111111111111
2023-06-06T14:15:00Z,S,1214.4468085106382
2023-06-06T14:20:00Z,C,141.83333333333334
2023-06-06T14:20:00Z,S,1093.1666666666667
2023-06-06T14:25:00Z,C,142.25
2023-06-06T14:25:00Z,S,1086.3333333333333
2023-06-06T14:30:00Z,C,113.78333333333336
2023-06-06T14:30:00Z,F,120.52777777777777
2023-06-06T14:30:00Z,S,1185.8541666666665
2023-06-06T14:35:00Z,C,142
2023-06-06T14:35:00Z,S,1103.3333333333333
2023-06-06T14:40:00Z,C,142.58333333333334
2023-06-06T14:40:00Z,S,1134.3636363636363
2023-06-06T14:45:00Z,C,114.8166666666667
2023-06-06T14:45:00Z,F,121.16666666666667
2023-06-06T14:45:00Z,S,1220.125
2023-06-06T14:50:00Z,C,141.91666666666666
2023-06-06T14:50:00Z,S,1112.5833333333333
2023-06-06T14:55:00Z,C,142
2023-06-06T14:55:00Z,S,1112.75
2023-06-06T15:00:00Z,C,114.33333333333331
2023-06-06T15:00:00Z,F,121.83333333333333
2023-06-06T15:00:00Z,S,1236.8958333333335
2023-06-06T15:05:00Z,C,142.75
2023-06-06T15:05:00Z,S,1123.4166666666667
2023-06-06T15:10:00Z,C,141.41666666666666
2023-06-06T15:10:00Z,S,1123.9166666666667
2023-06-06T15:15:00Z,C,113.6833333333333
2023-06-06T15:15:00Z,F,123.14285714285714
2023-06-06T15:15:00Z,S,1263.5833333333335
2023-06-06T15:20:00Z,C,141.25
2023-06-06T15:20:00Z,S,1123.4166666666667
2023-06-06T15:25:00Z,C,141.91666666666666
2023-06-06T15:25:00Z,S,1124.3333333333333
2023-06-06T15:30:00Z,C,113.5666666666667
2023-06-06T15:30:00Z,F,121.31428571428572
2023-06-06T15:30:00Z,S,1277.5625
2023-06-06T15:35:00Z,C,141.91666666666666
2023-06-06T15:35:00Z,S,1125.0833333333333
2023-06-06T15:40:00Z,C,141.08333333333334
2023-06-06T15:40:00Z,S,1129.5
2023-06-06T15:45:00Z,C,113.33333333333331
2023-06-06T15:45:00Z,F,122.05555555555556
2023-06-06T15:45:00Z,S,1291.6041666666665
2023-06-06T15:50:00Z,C,141.66666666666666
2023-06-06T15:50:00Z,S,1129.6666666666667
2023-06-06T15:55:00Z,C,141
2023-06-06T15:55:00Z,S,1134.0833333333333
2023-06-06T16:00:00Z,C,112.91666666666669
2023-06-06T16:00:00Z,F,123.22222222222223
2023-06-06T16:00:00Z,S,1301.5416666666665
2023-06-06T16:05:00Z,C,140.08333333333334
2023-06-06T16:05:00Z,S,1170.5454545454545
2023-06-06T16:10:00Z,C,141.25
2023-06-06T16:10:00Z,S,1141.75
2023-06-06T16:15:00Z,C,113.21666666666664
2023-06-06T16:15:00Z,F,123.22222222222223
2023-06-06T16:15:00Z,S,1314.4166666666665
2023-06-06T16:20:00Z,C,141.75
2023-06-06T16:20:00Z,S,1153.1666666666667
2023-06-06T16:25:00Z,C,141.75
2023-06-06T16:25:00Z,S,1155.1666666666667
2023-06-06T16:30:00Z,C,112.80000000000003
2023-06-06T16:30:00Z,F,123.02777777777777
2023-06-06T16:30:00Z,S,1332.0625
2023-06-06T16:35:00Z,C,142.16666666666666
2023-06-06T16:35:00Z,S,1159.1666666666667
2023-06-06T16:40:00Z,C,138.45454545454544
2023-06-06T16:40:00Z,S,1158.5833333333333
2023-06-06T16:45:00Z,C,113.34999999999998
2023-06-06T16:45:00Z,F,124.65714285714286
2023-06-06T16:45:00Z,S,1340.6458333333335
2023-06-06T16:50:00Z,C,141.25
2023-06-06T16:50:00Z,S,1162.8333333333333
2023-06-06T16:55:00Z,C,140.25
2023-06-06T16:55:00Z,S,1198.3636363636363
2023-06-06T17:00:00Z,C,112.51666666666668
2023-06-06T17:00:00Z,F,123.30555555555556
2023-06-06T17:00:00Z,S,1333.5106382978724
2023-06-06T17:05:00Z,C,139.83333333333334
2023-06-06T17:05:00Z,S,1163.4166666666667
2023-06-06T17:10:00Z,C,141.58333333333334
2023-06-06T17:10:00Z,S,1168.75
2023-06-06T17:15:00Z,C,113.46666666666664
2023-06-06T17:15:00Z,F,123.30555555555556
2023-06-06T17:15:00Z,S,1359.8541666666665
2023-06-06T17:20:00Z,C,139.66666666666666
2023-06-06T17:20:00Z,S,1172.9166666666667
2023-06-06T17:25:00Z,C,140.33333333333334
2023-06-06T17:25:00Z,S,1169.9166666666667
2023-06-06T17:30:00Z,C,113.9333333333333
2023-06-06T17:30:00Z,F,123.61111111111111
2023-06-06T17:30:00Z,S,1406.9318181818182
2023-06-06T17:35:00Z,C,140.58333333333334
2023-06-06T17:35:00Z,S,1171.5833333333333
2023-06-06T17:40:00Z,C,140.25
2023-06-06T17:40:00Z,S,1177.5833333333333
2023-06-06T17:45:00Z,C,113.46666666666664
2023-06-06T17:45:00Z,F,123.83333333333333
2023-06-06T17:45:00Z,S,1375.1458333333335
2023-06-06T17:50:00Z,C,140.16666666666666
2023-06-06T17:50:00Z,S,1177.6666666666667
2023-06-06T17:55:00Z,C,139.25
2023-06-06T17:55:00Z,S,1179.0833333333333
2023-06-06T18:00:00Z,C,112.58333333333331
2023-06-06T18:00:00Z,F,124
2023-06-06T18:00:00Z,S,1386.7708333333335
2023-06-06T18:05:00Z,C,140.41666666666666
2023-06-06T18:05:00Z,S,1187.25
2023-06-06T18:10:00Z,C,142
2023-06-06T18:10:00Z,S,1179.6363636363637
2023-06-06T18:15:00Z,C,112.58333333333331
2023-06-06T18:15:00Z,F,123.66666666666667
2023-06-06T18:15:00Z,S,1393.8936170212767
2023-06-06T18:20:00Z,C,138.91666666666666
2023-06-06T18:20:00Z,S,1191.25
2023-06-06T18:25:00Z,C,140.83333333333334
2023-06-06T18:25:00Z,S,1214.1818181818182
2023-06-06T18:30:00Z,C,113.5
2023-06-06T18:30:00Z,F,123.88888888888889
2023-06-06T18:30:00Z,S,1394.3541666666665
2023-06-06T18:35:00Z,C,139.75
2023-06-06T18:35:00Z,S,1227.4545454545455
2023-06-06T18:40:00Z,C,141.33333333333334
2023-06-06T18:40:00Z,S,1198.1666666666667
2023-06-06T18:45:00Z,C,113.26666666666668
2023-06-06T18:45:00Z,F,123.61111111111111
2023-06-06T18:45:00Z,S,1400.0416666666665
2023-06-06T18:50:00Z,C,139.41666666666666
2023-06-06T18:50:00Z,S,1196.0833333333333
2023-06-06T18:55:00Z,C,140.66666666666666
2023-06-06T18:55:00Z,S,1200
2023-06-06T19:00:00Z,C,112.58333333333331
2023-06-06T19:00:00Z,F,123.63888888888889
2023-06-06T19:00:00Z,S,1407.875
2023-06-07T09:00:00Z,C,91.56000000000004
2023-06-07T09:00:00Z,F,109.33333333333334
2023-06-07T09:00:00Z,S,880.9583333333334
2023-06-07T09:05:00Z,C,91.64
2023-06-07T09:05:00Z,F,109.05555555555556
2023-06-07T09:05:00Z,S,883.0833333333334
2023-06-07T09:10:00Z,C,92.19999999999997
2023-06-07T09:10:00Z,F,109.44444444444444
2023-06-07T09:10:00Z,S,881.65
2023-06-07T09:15:00Z,C,91.47999999999999
2023-06-07T09:15:00Z,F,109.05555555555556
2023-06-07T09:15:00Z,S,880.4270833333334
2023-06-07T09:20:00Z,C,91.56000000000003
2023-06-07T09:20:00Z,F,109.47222222222223
2023-06-07T09:20:00Z,S,881.9666666666667
2023-06-07T09:25:00Z,C,91.84
2023-06-07T09:25:00Z,F,109.27777777777777
2023-06-07T09:25:00Z,S,875.8833333333333
2023-06-07T09:30:00Z,C,92.56000000000004
2023-06-07T09:30:00Z,F,108.63888888888889
2023-06-07T09:30:00Z,S,875.625
2023-06-07T09:35:00Z,C,92.79166666666666
2023-06-07T09:35:00Z,F,109.19444444444444
2023-06-07T09:35:00Z,S,878.8833333333333
2023-06-07T09:40:00Z,C,91.36
2023-06-07T09:40:00Z,F,108.38235294117646
2023-06-07T09:40:00Z,S,874.6166666666667
2023-06-07T09:45:00Z,C,91.84000000000002
2023-06-07T09:45:00Z,F,108.66666666666666
2023-06-07T09:45:00Z,S,877.6979166666666
2023-06-07T09:50:00Z,C,92.12
2023-06-07T09:50:00Z,F,108.65714285714286
2023-06-07T09:50:00Z,S,876.0535714285714
2023-06-07T09:55:00Z,C,91.47999999999999
2023-06-07T09:55:00Z,F,108.05714285714285
2023-06-07T09:55:00Z,S,872.1333333333333
2023-06-07T10:00:00Z,C,91.87999999999995
2023-06-07T10:00:00Z,F,109.25
2023-06-07T10:00:00Z,S,900.5
2023-06-07T10:05:00Z,C,92.76000000000002
2023-06-07T10:05:00Z,F,111.16666666666666
2023-06-07T10:05:00Z,S,977.3833333333333
2023-06-07T10:10:00Z,C,91.12
2023-06-07T10:10:00Z,F,113.63888888888889
2023-06-07T10:10:00Z,S,1118.6
2023-06-07T10:15:00Z,C,92.15999999999998
2023-06-07T10:15:00Z,F,115
2023-06-07T10:15:00Z,S,1214.7291666666665
2023-06-07T10:20:00Z,C,92
2023-06-07T10:20:00Z,F,116.19444444444444
2023-06-07T10:20:00Z,S,1346.2166666666667
2023-06-07T10:25:00Z,C,91.52000000000001
2023-06-07T10:25:00Z,F,118.36111111111111
2023-06-07T10:25:00Z,S,1456.7833333333333
2023-06-07T10:30:00Z,C,91.28000000000003
2023-06-07T10:30:00Z,F,117.57142857142858
2023-06-07T10:30:00Z,S,1501.7083333333335
2023-06-07T10:35:00Z,C,92.32000000000004
2023-06-07T10:35:00Z,F,120.25714285714285
2023-06-07T10:35:00Z,S,1536.95
2023-06-07T10:40:00Z,C,91.16000000000001
2023-06-07T10:40:00Z,F,119.69444444444444
2023-06-07T10:40:00Z,S,1549.55
2023-06-07T10:45:00Z,C,92.60000000000002
2023-06-07T10:45:00Z,F,120.83333333333334
2023-06-07T10:45:00Z,S,1543.8125
2023-06-07T10:50:00Z,C,91.92
2023-06-07T10:50:00Z,F,122.08333333333334
2023-06-07T10:50:00Z,S,1575.4833333333331
2023-06-07T10:55:00Z,C,91.36
2023-06-07T10:55:00Z,F,121.72222222222223
2023-06-07T10:55:00Z,S,1591.6166666666666
2023-06-07T11:00:00Z,C,91.52000000000001
2023-06-07T11:00:00Z,F,121.44444444444444
2023-06-07T11:00:00Z,S,1576.9479166666665
2023-06-07T11:05:00Z,C,92.16
2023-06-07T11:05:00Z,F,122.25
2023-06-07T11:05:00Z,S,1603.35
2023-06-07T11:10:00Z,C,91.23999999999998
2023-06-07T11:10:00Z,F,122.41666666666666
2023-06-07T11:10:00Z,S,1608.1166666666666
2023-06-07T11:15:00Z,C,91.84000000000002
2023-06-07T11:15:00Z,F,122.44444444444444
2023-06-07T11:15:00Z,S,1592.9479166666665
2023-06-07T11:20:00Z,C,88.20833333333333
2023-06-07T11:20:00Z,F,121.91666666666666
2023-06-07T11:20:00Z,S,1614.2166666666667
2023-06-07T11:25:00Z,C,91.71999999999998
2023-06-07T11:25:00Z,F,122.16666666666666
2023-06-07T11:25:00Z,S,1620.15
2023-06-07T11:30:00Z,C,91.43999999999996
2023-06-07T11:30:00Z,F,122.5
2023-06-07T11:30:00Z,S,1599.7083333333335
2023-06-07T11:35:00Z,C,91.95999999999998
2023-06-07T11:35:00Z,F,122.38888888888889
2023-06-07T11:35:00Z,S,1621.2166666666667
2023-06-07T11:40:00Z,C,92.43999999999997
2023-06-07T11:40:00Z,F,123.54285714285714
2023-06-07T11:40:00Z,S,1620.2
2023-06-07T11:45:00Z,C,92.39999999999998
2023-06-07T11:45:00Z,F,122.74285714285715
2023-06-07T11:45:00Z,S,1603.5729166666665
2023-06-07T11:50:00Z,C,90.87999999999998
2023-06-07T11:50:00Z,F,122.25
2023-06-07T11:50:00Z,S,1629.25
2023-06-07T11:55:00Z,C,91.47999999999999
2023-06-07T11:55:00Z,F,122.58333333333334
2023-06-07T11:55:00Z,S,1625.2
2023-06-07T12:00:00Z,C,92.04000000000003
2023-06-07T12:00:00Z,F,122.58333333333334
2023-06-07T12:00:00Z,S,1618.4395604395604
2023-06-07T12:05:00Z,C,91.64
2023-06-07T12:05:00Z,F,122.25
2023-06-07T12:05:00Z,S,1620.2833333333333
2023-06-07T12:10:00Z,C,91.43999999999997
2023-06-07T12:10:00Z,F,122.16666666666666
2023-06-07T12:10:00Z,S,1633.2166666666667
2023-06-07T12:15:00Z,C,92.04000000000003
2023-06-07T12:15:00Z,F,122.16666666666666
2023-06-07T12:15:00Z,S,1607.6145833333335
2023-06-07T12:20:00Z,C,91.75
2023-06-07T12:20:00Z,F,121.57142857142857
2023-06-07T12:20:00Z,S,1631.1
2023-06-07T12:25:00Z,C,91.6
2023-06-07T12:25:00Z,F,121.80555555555556
2023-06-07T12:25:00Z,S,1623.465517241379
2023-06-07T12:30:00Z,C,91.91999999999997
2023-06-07T12:30:00Z,F,122.44444444444444
2023-06-07T12:30:00Z,S,1616.8229166666665
2023-06-07T12:35:00Z,C,91.71999999999998
2023-06-07T12:35:00Z,F,121.82857142857142
2023-06-07T12:35:00Z,S,1633.0333333333333
2023-06-07T12:40:00Z,C,91.76000000000002
2023-06-07T12:40:00Z,F,122.47222222222223
2023-06-07T12:40:00Z,S,1645.5666666666666
2023-06-07T12:45:00Z,C,91.95999999999997
2023-06-07T12:45:00Z,F,122.80555555555556
2023-06-07T12:45:00Z,S,1617.3645833333335
2023-06-07T12:50:00Z,C,91.04000000000002
2023-06-07T12:50:00Z,F,123.02857142857144
2023-06-07T12:50:00Z,S,1642.8166666666666
2023-06-07T12:55:00Z,C,92.16
2023-06-07T12:55:00Z,F,122.69444444444444
2023-06-07T12:55:00Z,S,1651
2023-06-07T13:00:00Z,C,91.91999999999997
2023-06-07T13:00:00Z,F,122.63888888888889
2023-06-07T13:00:00Z,S,1622.59375
2023-06-07T13:05:00Z,C,92.29166666666666
2023-06-07T13:05:00Z,F,123.08333333333334
2023-06-07T13:05:00Z,S,1644.5
2023-06-07T13:10:00Z,C,91.19999999999997
2023-06-07T13:10:00Z,F,122.80555555555556
2023-06-07T13:10:00Z,S,1656.3833333333334
2023-06-07T13:15:00Z,C,91.23999999999998
2023-06-07T13:15:00Z,F,122.97222222222223
2023-06-07T13:15:00Z,S,1628.0416666666665
2023-06-07T13:20:00Z,C,91.88
2023-06-07T13:20:00Z,F,123.05555555555556
2023-06-07T13:20:00Z,S,1659.6
2023-06-07T13:25:00Z,C,90.92
2023-06-07T13:25:00Z,F,122.75
2023-06-07T13:25:00Z,S,1661.35
2023-06-07T13:30:00Z,C,90.91999999999997
2023-06-07T13:30:00Z,F,122.33333333333334
2023-06-07T13:30:00Z,S,1648.1770833333335
2023-06-07T13:35:00Z,C,90.52000000000001
2023-06-07T13:35:00Z,F,123.19444444444444
2023-06-07T13:35:00Z,S,1669.8166666666666
2023-06-07T13:40:00Z,C,91.80000000000003
2023-06-07T13:40:00Z,F,122.69444444444444
2023-06-07T13:40:00Z,S,1670.2333333333331
2023-06-07T13:45:00Z,C,91.15999999999997
2023-06-07T13:45:00Z,F,122.05714285714285
2023-06-07T13:45:00Z,S,1646.8229166666665
2023-06-07T13:50:00Z,C,91.52000000000001
2023-06-07T13:50:00Z,F,123.31428571428572
2023-06-07T13:50:00Z,S,1669.1833333333334
2023-06-07T13:55:00Z,C,91.76000000000002
2023-06-07T13:55:00Z,F,122.5
2023-06-07T13:55:00Z,S,1673.8666666666666
2023-06-07T14:00:00Z,C,91.23999999999998
2023-06-07T14:00:00Z,F,123.80555555555556
2023-06-07T14:00:00Z,S,1659.1145833333335
2023-06-07T14:05:00Z,C,91.4
2023-06-07T14:05:00Z,F,123.22222222222223
2023-06-07T14:05:00Z,S,1682.85
2023-06-07T14:10:00Z,C,88.16666666666667
2023-06-07T14:10:00Z,F,122.91666666666666
2023-06-07T14:10:00Z,S,1682.2166666666667
2023-06-07T14:15:00Z,C,91.15999999999997
2023-06-07T14:15:00Z,F,123.38888888888889
2023-06-07T14:15:00Z,S,1661.34375
2023-06-07T14:20:00Z,C,91.47999999999999
2023-06-07T14:20:00Z,F,122.72222222222223
2023-06-07T14:20:00Z,S,1678.7
2023-06-07T14:25:00Z,C,91.32000000000004
2023-06-07T14:25:00Z,F,123.30555555555556
2023-06-07T14:25:00Z,S,1685.9333333333334
2023-06-07T14:30:00Z,C,88.125
2023-06-07T14:30:00Z,F,123.63888888888889
2023-06-07T14:30:00Z,S,1664.1979166666665
2023-06-07T14:35:00Z,C,91.36
2023-06-07T14:35:00Z,F,123.19444444444444
2023-06-07T14:35:00Z,S,1688.4333333333334
2023-06-07T14:40:00Z,C,91.56000000000003
2023-06-07T14:40:00Z,F,123.22222222222223
2023-06-07T14:40:00Z,S,1677.1724137931035
2023-06-07T14:45:00Z,C,90.87999999999995
2023-06-07T14:45:00Z,F,123.19444444444444
2023-06-07T14:45:00Z,S,1679.0744680851062
2023-06-07T14:50:00Z,C,91.12000000000002
2023-06-07T14:50:00Z,F,123.19444444444444
2023-06-07T14:50:00Z,S,1725.4827586206895
2023-06-07T14:55:00Z,C,91.56000000000003
2023-06-07T14:55:00Z,F,123.66666666666666
2023-06-07T14:55:00Z,S,1700.5166666666669
2023-06-07T15:00:00Z,C,91.56000000000004
2023-06-07T15:00:00Z,F,122.86111111111111
2023-06-07T15:00:00Z,S,1678.1458333333335
2023-06-07T15:05:00Z,C,91
2023-06-07T15:05:00Z,F,123.69444444444444
2023-06-07T15:05:00Z,S,1698.5666666666666
2023-06-07T15:10:00Z,C,91.12
2023-06-07T15:10:00Z,F,123.58333333333334
2023-06-07T15:10:00Z,S,1710.3833333333334
2023-06-07T15:15:00Z,C,90.91999999999997
2023-06-07T15:15:00Z,F,123.38888888888889
2023-06-07T15:15:00Z,S,1685.3645833333335
2023-06-07T15:20:00Z,C,93.29166666666667
2023-06-07T15:20:00Z,F,123.13888888888889
2023-06-07T15:20:00Z,S,1717.0333333333333
2023-06-07T15:25:00Z,C,90.64
2023-06-07T15:25:00Z,F,123.36111111111111
2023-06-07T15:25:00Z,S,1711.55
2023-06-07T15:30:00Z,C,91.19999999999997
2023-06-07T15:30:00Z,F,124.02777777777777
2023-06-07T15:30:00Z,S,1693.6979166666665
2023-06-07T15:35:00Z,C,90.67999999999996
2023-06-07T15:35:00Z,F,123.61111111111111
2023-06-07T15:35:00Z,S,1718.25
2023-06-07T15:40:00Z,C,91.36000000000001
2023-06-07T15:40:00Z,F,122.71428571428571
2023-06-07T15:40:00Z,S,1715.8333333333335
2023-06-07T15:45:00Z,C,92.32000000000004
2023-06-07T15:45:00Z,F,123.80555555555556
2023-06-07T15:45:00Z,S,1696.5416666666665
2023-06-07T15:50:00Z,C,91.16
2023-06-07T15:50:00Z,F,122.80555555555556
2023-06-07T15:50:00Z,S,1719.5833333333335
2023-06-07T15:55:00Z,C,90.83999999999999
2023-06-07T15:55:00Z,F,123.31428571428572
2023-06-07T15:55:00Z,S,1705.949152542373
2023-06-07T16:00:00Z,C,90.19999999999997
2023-06-07T16:00:00Z,F,123.33333333333334
2023-06-07T16:00:00Z,S,1701.21875
2023-06-07T16:05:00Z,C,91.64
2023-06-07T16:05:00Z,F,124.02777777777777
2023-06-07T16:05:00Z,S,1719.4666666666667
2023-06-07T16:10:00Z,C,90.76000000000002
2023-06-07T16:10:00Z,F,123.86111111111111
2023-06-07T16:10:00Z,S,1764.2241379310344
2023-06-07T16:15:00Z,C,90.71999999999997
2023-06-07T16:15:00Z,F,123.94444444444444
2023-06-07T16:15:00Z,S,1716.8297872340424
2023-06-07T16:20:00Z,C,90.64
2023-06-07T16:20:00Z,F,123.5
2023-06-07T16:20:00Z,S,1731.1
2023-06-07T16:25:00Z,C,88.33333333333333
2023-06-07T16:25:00Z,F,120.17647058823529
2023-06-07T16:25:00Z,S,1744.8103448275863
2023-06-07T16:30:00Z,C,91.91999999999997
2023-06-07T16:30:00Z,F,123.80555555555556
2023-06-07T16:30:00Z,S,1705.1666666666665
2023-06-07T16:35:00Z,C,91
2023-06-07T16:35:00Z,F,123.69444444444444
2023-06-07T16:35:00Z,S,1734.4333333333334
2023-06-07T16:40:00Z,C,91.04000000000002
2023-06-07T16:40:00Z,F,123.83333333333334
2023-06-07T16:40:00Z,S,1735.4833333333331
2023-06-07T16:45:00Z,C,91.67999999999996
2023-06-07T16:45:00Z,F,124.02777777777777
2023-06-07T16:45:00Z,S,1709.5520833333335
2023-06-07T16:50:00Z,C,90.43999999999997
2023-06-07T16:50:00Z,F,123.58333333333334
2023-06-07T16:50:00Z,S,1736.6666666666665
2023-06-07T16:55:00Z,C,90.76000000000002
2023-06-07T16:55:00Z,F,123.2
2023-06-07T16:55:00Z,S,1733.7333333333331
2023-06-07T17:00:00Z,C,90.71999999999997
2023-06-07T17:00:00Z,F,123.77777777777777
2023-06-07T17:00:00Z,S,1717.6041666666665
2023-06-07T17:05:00Z,C,91.88
2023-06-07T17:05:00Z,F,123.36111111111111
2023-06-07T17:05:00Z,S,1745.35
2023-06-07T17:10:00Z,C,90.87999999999998
2023-06-07T17:10:00Z,F,123.77777777777777
2023-06-07T17:10:00Z,S,1739.0333333333333
2023-06-07T17:15:00Z,C,90.43999999999996
2023-06-07T17:15:00Z,F,123.72222222222223
2023-06-07T17:15:00Z,S,1724.9270833333335
2023-06-07T17:20:00Z,C,91.12000000000002
2023-06-07T17:20:00Z,F,123.47222222222223
2023-06-07T17:20:00Z,S,1741.9166666666665
2023-06-07T17:25:00Z,C,90.28000000000002
2023-06-07T17:25:00Z,F,123.77777777777777
2023-06-07T17:25:00Z,S,1745.3
2023-06-07T17:30:00Z,C,90.23999999999998
2023-06-07T17:30:00Z,F,123.97222222222223
2023-06-07T17:30:00Z,S,1727.46875
2023-06-07T17:35:00Z,C,90.84
2023-06-07T17:35:00Z,F,124.02777777777777
2023-06-07T17:35:00Z,S,1754.05
2023-06-07T17:40:00Z,C,90.32000000000004
2023-06-07T17:40:00Z,F,124.16666666666666
2023-06-07T17:40:00Z,S,1748.9833333333331
2023-06-07T17:45:00Z,C,91.36000000000003
2023-06-07T17:45:00Z,F,124.08333333333334
2023-06-07T17:45:00Z,S,1732.3541666666665
2023-06-07T17:50:00Z,C,90.67999999999998
2023-06-07T17:50:00Z,F,123.88888888888889
2023-06-07T17:50:00Z,S,1752.2333333333331
2023-06-07T17:55:00Z,C,90.83999999999999
2023-06-07T17:55:00Z,F,123.33333333333334
2023-06-07T17:55:00Z,S,1758.55
2023-06-07T18:00:00Z,C,90.23999999999998
2023-06-07T18:00:00Z,F,124.11111111111111
2023-06-07T18:00:00Z,S,1732.5
2023-06-07T18:05:00Z,C,91.52000000000001
2023-06-07T18:05:00Z,F,123.37142857142857
2023-06-07T18:05:00Z,S,1762.1666666666665
2023-06-07T18:10:00Z,C,91.19999999999997
2023-06-07T18:10:00Z,F,123.80555555555556
2023-06-07T18:10:00Z,S,1762.344827586207
2023-06-07T18:15:00Z,C,91.76000000000002
2023-06-07T18:15:00Z,F,123.91666666666666
2023-06-07T18:15:00Z,S,1736.375
2023-06-07T18:20:00Z,C,91.04000000000002
2023-06-07T18:20:00Z,F,123.44444444444444
2023-06-07T18:20:00Z,S,1766.85
2023-06-07T18:25:00Z,C,90.04000000000002
2023-06-07T18:25:00Z,F,124.5
2023-06-07T18:25:00Z,S,1757.3
2023-06-07T18:30:00Z,C,90.36000000000003
2023-06-07T18:30:00Z,F,123.41666666666666
2023-06-07T18:30:00Z,S,1738.15625
2023-06-07T18:35:00Z,C,89.6
2023-06-07T18:35:00Z,F,124.08333333333334
2023-06-07T18:35:00Z,S,1760.4833333333331
2023-06-07T18:40:00Z,C,89.56000000000003
2023-06-07T18:40:00Z,F,124.05555555555556
2023-06-07T18:40:00Z,S,1771.45
2023-06-07T18:45:00Z,C,90.76000000000002
2023-06-07T18:45:00Z,F,124.02777777777777
2023-06-07T18:45:00Z,S,1775.7096774193549
2023-06-07T18:50:00Z,C,91
2023-06-07T18:50:00Z,F,124.05555555555556
2023-06-07T18:50:00Z,S,1769.3166666666666
2023-06-07T18:55:00Z,C,91.28000000000002
2023-06-07T18:55:00Z,F,123.83333333333334
2023-06-07T18:55:00Z,S,1769.0166666666669
2023-06-07T19:00:00Z,C,91.04000000000003
2023-06-07T19:00:00Z,F,125.54285714285714
2023-06-07T19:00:00Z,S,1742.5104166666665
2024-06-11T09:00:00Z,C,79.48333333333332
2024-06-11T09:00:00Z,F,73.34166666666667
2024-06-11T09:00:00Z,S,67.03448275862068
2024-06-11T09:05:00Z,C,76.27777777777774
2024-06-11T09:05:00Z,F,72.83333333333333
2024-06-11T09:05:00Z,S,66.8
2024-06-11T09:10:00Z,C,75.38888888888886
2024-06-11T09:10:00Z,F,72.80555555555556
2024-06-11T09:10:00Z,S,66.68
2024-06-11T09:15:00Z,C,79.40833333333336
2024-06-11T09:15:00Z,F,73.11666666666666
2024-06-11T09:15:00Z,S,67.22988505747125
2024-06-11T09:20:00Z,C,75.41666666666669
2024-06-11T09:20:00Z,F,72.83333333333333
2024-06-11T09:20:00Z,S,66.32
2024-06-11T09:25:00Z,C,75.41666666666669
2024-06-11T09:25:00Z,F,72.55555555555556
2024-06-11T09:25:00Z,S,66.08
2024-06-11T09:30:00Z,C,79.49166666666672
2024-06-11T09:30:00Z,F,73.175
2024-06-11T09:30:00Z,S,67.60919540229885
2024-06-11T09:35:00Z,C,75.97222222222226
2024-06-11T09:35:00Z,F,73
2024-06-11T09:35:00Z,S,66.72
2024-06-11T09:40:00Z,C,75.83333333333331
2024-06-11T09:40:00Z,F,72.33333333333333
2024-06-11T09:40:00Z,S,66.48
2024-06-11T09:45:00Z,C,79.44999999999997
2024-06-11T09:45:00Z,F,73.06666666666666
2024-06-11T09:45:00Z,S,67.32183908045977
2024-06-11T09:50:00Z,C,76.25
2024-06-11T09:50:00Z,F,72.5
2024-06-11T09:50:00Z,S,66.12
2024-06-11T09:55:00Z,C,75.47222222222226
2024-06-11T09:55:00Z,F,72.75
2024-06-11T09:55:00Z,S,66.52
2024-06-11T10:00:00Z,C,79.85000000000004
2024-06-11T10:00:00Z,F,71.85344827586206
2024-06-11T10:00:00Z,S,67.04597701149426
2024-06-11T10:05:00Z,C,76.16666666666669
2024-06-11T10:05:00Z,F,72.83333333333333
2024-06-11T10:05:00Z,S,66.08
2024-06-11T10:10:00Z,C,75.69444444444443
2024-06-11T10:10:00Z,F,72.72222222222223
2024-06-11T10:10:00Z,S,66.32
2024-06-11T10:15:00Z,C,79.39166666666668
2024-06-11T10:15:00Z,F,73.25833333333334
2024-06-11T10:15:00Z,S,67.40229885057471
2024-06-11T10:20:00Z,C,75.41666666666669
2024-06-11T10:20:00Z,F,74.47222222222223
2024-06-11T10:20:00Z,S,80.47999999999999
2024-06-11T10:25:00Z,C,74.22857142857146
2024-06-11T10:25:00Z,F,75.08333333333333
2024-06-11T10:25:00Z,S,85.2
2024-06-11T10:30:00Z,C,79.10833333333332
2024-06-11T10:30:00Z,F,76.125
2024-06-11T10:30:00Z,S,85.19540229885058
2024-06-11T10:35:00Z,C,75.38888888888886
2024-06-11T10:35:00Z,F,75.58333333333333
2024-06-11T10:35:00Z,S,94.32
2024-06-11T10:40:00Z,C,75.58333333333331
2024-06-11T10:40:00Z,F,76.02777777777777
2024-06-11T10:40:00Z,S,100.72
2024-06-11T10:45:00Z,C,79.30000000000003
2024-06-11T10:45:00Z,F,77.93333333333334
2024-06-11T10:45:00Z,S,107.3012048192771
2024-06-11T10:50:00Z,C,76.80000000000003
2024-06-11T10:50:00Z,F,78.69444444444444
2024-06-11T10:50:00Z,S,113.6
2024-06-11T10:55:00Z,C,75.77777777777774
2024-06-11T10:55:00Z,F,80.22222222222223
2024-06-11T10:55:00Z,S,122.03999999999999
2024-06-11T11:00:00Z,C,78.99166666666672
2024-06-11T11:00:00Z,F,81.8
2024-06-11T11:00:00Z,S,129.11494252873564
2024-06-11T11:05:00Z,C,76.08333333333331
2024-06-11T11:05:00Z,F,81.83333333333334
2024-06-11T11:05:00Z,S,142.32
2024-06-11T11:10:00Z,C,75.63888888888886
2024-06-11T11:10:00Z,F,82.30555555555556
2024-06-11T11:10:00Z,S,162
2024-06-11T11:15:00Z,C,79.34166666666664
2024-06-11T11:15:00Z,F,84.98333333333332
2024-06-11T11:15:00Z,S,164.65517241379308
2024-06-11T11:20:00Z,C,75.61111111111114
2024-06-11T11:20:00Z,F,84.11111111111111
2024-06-11T11:20:00Z,S,189.41666666666666
2024-06-11T11:25:00Z,C,75.72222222222226
2024-06-11T11:25:00Z,F,83.02941176470588
2024-06-11T11:25:00Z,S,235.87999999999997
2024-06-11T11:30:00Z,C,79.19999999999997
2024-06-11T11:30:00Z,F,89.24166666666666
2024-06-11T11:30:00Z,S,253.6206896551724
2024-06-11T11:35:00Z,C,75.75
2024-06-11T11:35:00Z,F,88.63888888888889
2024-06-11T11:35:00Z,S,275.08000000000004
2024-06-11T11:40:00Z,C,75.02777777777774
2024-06-11T11:40:00Z,F,89.47222222222223
2024-06-11T11:40:00Z,S,285.84000000000003
2024-06-11T11:45:00Z,C,79.35000000000004
2024-06-11T11:45:00Z,F,92.64166666666668
2024-06-11T11:45:00Z,S,287.63218390804593
2024-06-11T11:50:00Z,C,75.69444444444443
2024-06-11T11:50:00Z,F,91.61111111111111
2024-06-11T11:50:00Z,S,302.72
2024-06-11T11:55:00Z,C,75.66666666666669
2024-06-11T11:55:00Z,F,93.38888888888889
2024-06-11T11:55:00Z,S,309.15999999999997
2024-06-11T12:00:00Z,C,79.5666666666667
2024-06-11T12:00:00Z,F,96.11666666666666
2024-06-11T12:00:00Z,S,308.919540229885
2024-06-11T12:05:00Z,C,75.25
2024-06-11T12:05:00Z,F,95.55555555555556
2024-06-11T12:05:00Z,S,332
2024-06-11T12:10:00Z,C,75.38888888888886
2024-06-11T12:10:00Z,F,96.38888888888889
2024-06-11T12:10:00Z,S,330.12
2024-06-11T12:15:00Z,C,79.33333333333337
2024-06-11T12:15:00Z,F,99.06666666666666
2024-06-11T12:15:00Z,S,320.7471264367816
2024-06-11T12:20:00Z,C,75.36111111111114
2024-06-11T12:20:00Z,F,97.4857142857143
2024-06-11T12:20:00Z,S,321.91999999999996
2024-06-11T12:25:00Z,C,75.44444444444443
2024-06-11T12:25:00Z,F,98.91666666666666
2024-06-11T12:25:00Z,S,345.24
2024-06-11T12:30:00Z,C,78.8166666666667
2024-06-11T12:30:00Z,F,102.975
2024-06-11T12:30:00Z,S,358.17241379310343
2024-06-11T12:35:00Z,C,75.36111111111114
2024-06-11T12:35:00Z,F,102.80555555555556
2024-06-11T12:35:00Z,S,386.91999999999996
2024-06-11T12:40:00Z,C,75.38888888888886
2024-06-11T12:40:00Z,F,103.44444444444444
2024-06-11T12:40:00Z,S,422.08000000000004
2024-06-11T12:45:00Z,C,81.8053097345133
2024-06-11T12:45:00Z,F,105.25833333333334
2024-06-11T12:45:00Z,S,420.7586206896552
2024-06-11T12:50:00Z,C,75.80555555555557
2024-06-11T12:50:00Z,F,105.11111111111111
2024-06-11T12:50:00Z,S,455.68
2024-06-11T12:55:00Z,C,74.80555555555557
2024-06-11T12:55:00Z,F,105.80555555555556
2024-06-11T12:55:00Z,S,475.56000000000006
2024-06-11T13:00:00Z,C,78.38333333333328
2024-06-11T13:00:00Z,F,108.55833333333334
2024-06-11T13:00:00Z,S,472.8045977011494
2024-06-11T13:05:00Z,C,74.80555555555557
2024-06-11T13:05:00Z,F,107.16666666666666
2024-06-11T13:05:00Z,S,503.75999999999993
2024-06-11T13:10:00Z,C,74.91666666666669
2024-06-11T13:10:00Z,F,107.5
2024-06-11T13:10:00Z,S,513.2083333333333
2024-06-11T13:15:00Z,C,79.05000000000003
2024-06-11T13:15:00Z,F,108.525
2024-06-11T13:15:00Z,S,520.367816091954
2024-06-11T13:20:00Z,C,75.72222222222226
2024-06-11T13:20:00Z,F,107.72222222222223
2024-06-11T13:20:00Z,S,554.92
2024-06-11T13:25:00Z,C,75.16666666666669
2024-06-11T13:25:00Z,F,108.19444444444444
2024-06-11T13:25:00Z,S,563.76
2024-06-11T13:30:00Z,C,78.39166666666668
2024-06-11T13:30:00Z,F,108.57264957264958
2024-06-11T13:30:00Z,S,554.2758620689655
2024-06-11T13:35:00Z,C,75.55555555555557
2024-06-11T13:35:00Z,F,108.63888888888889
2024-06-11T13:35:00Z,S,606.9166666666667
2024-06-11T13:40:00Z,C,75.33333333333331
2024-06-11T13:40:00Z,F,108.13888888888889
2024-06-11T13:40:00Z,S,592.36
2024-06-11T13:45:00Z,C,78.70833333333337
2024-06-11T13:45:00Z,F,109.925
2024-06-11T13:45:00Z,S,566.3855421686745
2024-06-11T13:50:00Z,C,75.58333333333331
2024-06-11T13:50:00Z,F,108.88888888888889
2024-06-11T13:50:00Z,S,601.3199999999999
2024-06-11T13:55:00Z,C,75.83333333333331
2024-06-11T13:55:00Z,F,108.88888888888889
2024-06-11T13:55:00Z,S,613.96
2024-06-11T14:00:00Z,C,78.77499999999996
2024-06-11T14:00:00Z,F,109.74358974358975
2024-06-11T14:00:00Z,S,608.2183908045978
2024-06-11T14:05:00Z,C,75.75
2024-06-11T14:05:00Z,F,108.88888888888889
2024-06-11T14:05:00Z,S,629.6800000000001
2024-06-11T14:10:00Z,C,75.30555555555557
2024-06-11T14:10:00Z,F,109.52777777777777
2024-06-11T14:10:00Z,S,622.52
2024-06-11T14:15:00Z,C,79.35000000000004
2024-06-11T14:15:00Z,F,109.94827586206897
2024-06-11T14:15:00Z,S,586.4597701149427
2024-06-11T14:20:00Z,C,74.80555555555557
2024-06-11T14:20:00Z,F,108.91428571428571
2024-06-11T14:20:00Z,S,626.875
2024-06-11T14:25:00Z,C,75.41666666666669
2024-06-11T14:25:00Z,F,107.62857142857143
2024-06-11T14:25:00Z,S,632.04
2024-06-11T14:30:00Z,C,78.86666666666672
2024-06-11T14:30:00Z,F,109.98333333333332
2024-06-11T14:30:00Z,S,620.0114942528736
2024-06-11T14:35:00Z,C,75.13888888888886
2024-06-11T14:35:00Z,F,107.86111111111111
2024-06-11T14:35:00Z,S,640.4166666666667
2024-06-11T14:40:00Z,C,74.97222222222226
2024-06-11T14:40:00Z,F,108.13888888888889
2024-06-11T14:40:00Z,S,657.8399999999999
2024-06-11T14:45:00Z,C,78.73333333333332
2024-06-11T14:45:00Z,F,112.06666666666666
2024-06-11T14:45:00Z,S,661.6896551724137
2024-06-11T14:50:00Z,C,74.97222222222226
2024-06-11T14:50:00Z,F,110.83333333333334
2024-06-11T14:50:00Z,S,685.56
2024-06-11T14:55:00Z,C,74.75
2024-06-11T14:55:00Z,F,111.22222222222223
2024-06-11T14:55:00Z,S,698.24
2024-06-11T15:00:00Z,C,78.78333333333336
2024-06-11T15:00:00Z,F,114.08333333333334
2024-06-11T15:00:00Z,S,693.5517241379309
2024-06-11T15:05:00Z,C,74.69444444444443
2024-06-11T15:05:00Z,F,112.38888888888889
2024-06-11T15:05:00Z,S,718.1739130434783
2024-06-11T15:10:00Z,C,75.08333333333331
2024-06-11T15:10:00Z,F,112.66666666666666
2024-06-11T15:10:00Z,S,721.48
2024-06-11T15:15:00Z,C,78.5
2024-06-11T15:15:00Z,F,114.91666666666666
2024-06-11T15:15:00Z,S,730.609195402299
2024-06-11T15:20:00Z,C,74
2024-06-11T15:20:00Z,F,112.2
2024-06-11T15:20:00Z,S,762.56
2024-06-11T15:25:00Z,C,74.86111111111114
2024-06-11T15:25:00Z,F,113.19444444444444
2024-06-11T15:25:00Z,S,779.3599999999999
2024-06-11T15:30:00Z,C,78.17500000000003
2024-06-11T15:30:00Z,F,115.775
2024-06-11T15:30:00Z,S,792.9310344827586
2024-06-11T15:35:00Z,C,74.55555555555557
2024-06-11T15:35:00Z,F,113.86111111111111
2024-06-11T15:35:00Z,S,839.4
2024-06-11T15:40:00Z,C,74.33333333333331
2024-06-11T15:40:00Z,F,113.91666666666666
2024-06-11T15:40:00Z,S,849.125
2024-06-11T15:45:00Z,C,78.14166666666668
2024-06-11T15:45:00Z,F,116.15
2024-06-11T15:45:00Z,S,867.5057471264367
2024-06-11T15:50:00Z,C,75.02777777777774
2024-06-11T15:50:00Z,F,114.33333333333334
2024-06-11T15:50:00Z,S,916.52
2024-06-11T15:55:00Z,C,75.13888888888886
2024-06-11T15:55:00Z,F,113.54285714285714
2024-06-11T15:55:00Z,S,933.12
2024-06-11T16:00:00Z,C,77.82499999999997
2024-06-11T16:00:00Z,F,114.68376068376068
2024-06-11T16:00:00Z,S,933.8850574712644
2024-06-11T16:05:00Z,C,74.52777777777774
2024-06-11T16:05:00Z,F,114.66666666666666
2024-06-11T16:05:00Z,S,959.2083333333333
2024-06-11T16:10:00Z,C,75.02777777777774
2024-06-11T16:10:00Z,F,114.86111111111111
2024-06-11T16:10:00Z,S,948.52
2024-06-11T16:15:00Z,C,77.77499999999996
2024-06-11T16:15:00Z,F,115.99166666666666
2024-06-11T16:15:00Z,S,941.0344827586207
2024-06-11T16:20:00Z,C,74.61111111111114
2024-06-11T16:20:00Z,F,114.94444444444444
2024-06-11T16:20:00Z,S,956.28
2024-06-11T16:25:00Z,C,74.19444444444443
2024-06-11T16:25:00Z,F,114.88888888888889
2024-06-11T16:25:00Z,S,1005
2024-06-11T16:30:00Z,C,68.94827586206897
2024-06-11T16:30:00Z,F,118.30833333333334
2024-06-11T16:30:00Z,S,959.1954022988506
2024-06-11T16:35:00Z,C,74.55555555555557
2024-06-11T16:35:00Z,F,115.75
2024-06-11T16:35:00Z,S,970.44
2024-06-11T16:40:00Z,C,74.55555555555557
2024-06-11T16:40:00Z,F,117.5
2024-06-11T16:40:00Z,S,977.64
2024-06-11T16:45:00Z,C,78.07499999999997
2024-06-11T16:45:00Z,F,119.20833333333334
2024-06-11T16:45:00Z,S,976.4712643678162
2024-06-11T16:50:00Z,C,74.05555555555557
2024-06-11T16:50:00Z,F,117.63888888888889
2024-06-11T16:50:00Z,S,987.52
2024-06-11T16:55:00Z,C,74.63888888888886
2024-06-11T16:55:00Z,F,117.86111111111111
2024-06-11T16:55:00Z,S,990.08
2024-06-11T17:00:00Z,C,77.95833333333337
2024-06-11T17:00:00Z,F,120.03418803418802
2024-06-11T17:00:00Z,S,982
2024-06-11T17:05:00Z,C,74.55555555555557
2024-06-11T17:05:00Z,F,119.52777777777777
2024-06-11T17:05:00Z,S,992.88
2024-06-11T17:10:00Z,C,74.41666666666669
2024-06-11T17:10:00Z,F,119.75
2024-06-11T17:10:00Z,S,997.36
2024-06-11T17:15:00Z,C,77.5666666666667
2024-06-11T17:15:00Z,F,121.775
2024-06-11T17:15:00Z,S,991.3333333333333
2024-06-11T17:20:00Z,C,74.80555555555557
2024-06-11T17:20:00Z,F,119.11764705882354
2024-06-11T17:20:00Z,S,1022.36
2024-06-11T17:25:00Z,C,74.94444444444443
2024-06-11T17:25:00Z,F,121.36111111111111
2024-06-11T17:25:00Z,S,1029.4
2024-06-11T17:30:00Z,C,79.12068965517246
2024-06-11T17:30:00Z,F,123.79166666666666
2024-06-11T17:30:00Z,S,1017.3793103448277
2024-06-11T17:35:00Z,C,74.82857142857142
2024-06-11T17:35:00Z,F,122.41666666666666
2024-06-11T17:35:00Z,S,1035
2024-06-11T17:40:00Z,C,74.63888888888886
2024-06-11T17:40:00Z,F,122.27777777777777
2024-06-11T17:40:00Z,S,1035.72
2024-06-11T17:45:00Z,C,77.71681415929206
2024-06-11T17:45:00Z,F,124.33333333333334
2024-06-11T17:45:00Z,S,1026.5747126436781
2024-06-11T17:50:00Z,C,74.11111111111114
2024-06-11T17:50:00Z,F,122.44444444444444
2024-06-11T17:50:00Z,S,1041.16
2024-06-11T17:55:00Z,C,74.58333333333331
2024-06-11T17:55:00Z,F,123.11111111111111
2024-06-11T17:55:00Z,S,1043.2
2024-06-11T18:00:00Z,C,77.96666666666664
2024-06-11T18:00:00Z,F,125.06666666666666
2024-06-11T18:00:00Z,S,1031.6436781609195
2024-06-11T18:05:00Z,C,73.94444444444443
2024-06-11T18:05:00Z,F,122.94444444444444
2024-06-11T18:05:00Z,S,1036.9583333333333
2024-06-11T18:10:00Z,C,73.83333333333331
2024-06-11T18:10:00Z,F,123.16666666666666
2024-06-11T18:10:00Z,S,1042.2608695652175
2024-06-11T18:15:00Z,C,78.10833333333332
2024-06-11T18:15:00Z,F,124.79166666666666
2024-06-11T18:15:00Z,S,1046.2068965517242
2024-06-11T18:20:00Z,C,74.13888888888886
2024-06-11T18:20:00Z,F,123.16666666666666
2024-06-11T18:20:00Z,S,1035.25
2024-06-11T18:25:00Z,C,74.19444444444443
2024-06-11T18:25:00Z,F,123.4
2024-06-11T18:25:00Z,S,1064.04
2024-06-11T18:30:00Z,C,77.78333333333336
2024-06-11T18:30:00Z,F,122.62393162393161
2024-06-11T18:30:00Z,S,1055.1724137931035
2024-06-11T18:35:00Z,C,74.8857142857143
2024-06-11T18:35:00Z,F,123.69444444444444
2024-06-11T18:35:00Z,S,1070.04
2024-06-11T18:40:00Z,C,73.97222222222226
2024-06-11T18:40:00Z,F,124.52777777777777
2024-06-11T18:40:00Z,S,1071.56
2024-06-11T18:45:00Z,C,78.0683760683761
2024-06-11T18:45:00Z,F,125.99166666666666
2024-06-11T18:45:00Z,S,1049.452380952381
2024-06-11T18:50:00Z,C,74.30555555555557
2024-06-11T18:50:00Z,F,124.42857142857143
2024-06-11T18:50:00Z,S,1076.32
2024-06-11T18:55:00Z,C,74.16666666666669
2024-06-11T18:55:00Z,F,124.30555555555556
2024-06-11T18:55:00Z,S,1077.24
2024-06-11T19:00:00Z,C,77.6833333333333
2024-06-11T19:00:00Z,F,126.26666666666668
2024-06-11T19:00:00Z,S,1068.8505747126437
2024-06-12T09:00:00Z,C,77.26495726495725
2024-06-12T09:00:00Z,F,107
2024-06-12T09:00:00Z,S,662.0229885057471
2024-06-12T09:05:00Z,C,72.5
2024-06-12T09:05:00Z,F,105.72222222222223
2024-06-12T09:05:00Z,S,656.96
2024-06-12T09:10:00Z,C,72.22222222222226
2024-06-12T09:10:00Z,F,103.4
2024-06-12T09:10:00Z,S,658.36
2024-06-12T09:15:00Z,C,75.88333333333328
2024-06-12T09:15:00Z,F,106.975
2024-06-12T09:15:00Z,S,660.8620689655172
2024-06-12T09:20:00Z,C,72.11111111111114
2024-06-12T09:20:00Z,F,104.2
2024-06-12T09:20:00Z,S,655.72
2024-06-12T09:25:00Z,C,72.58333333333331
2024-06-12T09:25:00Z,F,105.33333333333333
2024-06-12T09:25:00Z,S,654.6
2024-06-12T09:30:00Z,C,76.22500000000004
2024-06-12T09:30:00Z,F,106.89166666666667
2024-06-12T09:30:00Z,S,654.0238095238095
2024-06-12T09:35:00Z,C,72.55555555555557
2024-06-12T09:35:00Z,F,104.22857142857143
2024-06-12T09:35:00Z,S,654.96
2024-06-12T09:40:00Z,C,73.22222222222226
2024-06-12T09:40:00Z,F,105.02777777777777
2024-06-12T09:40:00Z,S,655.36
2024-06-12T09:45:00Z,C,76.20833333333337
2024-06-12T09:45:00Z,F,106.01709401709402
2024-06-12T09:45:00Z,S,653.3095238095239
2024-06-12T09:50:00Z,C,72.13888888888886
2024-06-12T09:50:00Z,F,105.27777777777777
2024-06-12T09:50:00Z,S,653.88
2024-06-12T09:55:00Z,C,72.16666666666669
2024-06-12T09:55:00Z,F,105.02777777777777
2024-06-12T09:55:00Z,S,654.36
2024-06-12T10:00:00Z,C,76.00833333333328
2024-06-12T10:00:00Z,F,106.125
2024-06-12T10:00:00Z,S,670.3373493975903
2024-06-12T10:05:00Z,C,72.33333333333331
2024-06-12T10:05:00Z,F,105.25714285714285
2024-06-12T10:05:00Z,S,651.76
2024-06-12T10:10:00Z,C,72.63888888888886
2024-06-12T10:10:00Z,F,104.63888888888889
2024-06-12T10:10:00Z,S,645.5416666666666
2024-06-12T10:15:00Z,C,66.66379310344828
2024-06-12T10:15:00Z,F,106.525
2024-06-12T10:15:00Z,S,655.2873563218391
2024-06-12T10:20:00Z,C,73.97142857142859
2024-06-12T10:20:00Z,F,107.5
2024-06-12T10:20:00Z,S,698.16
2024-06-12T10:25:00Z,C,72.61111111111114
2024-06-12T10:25:00Z,F,111.05555555555556
2024-06-12T10:25:00Z,S,766.76
2024-06-12T10:30:00Z,C,75.65833333333336
2024-06-12T10:30:00Z,F,116.24166666666666
2024-06-12T10:30:00Z,S,879.7356321839081
2024-06-12T10:35:00Z,C,71.91666666666669
2024-06-12T10:35:00Z,F,116.61111111111111
2024-06-12T10:35:00Z,S,928.52
2024-06-12T10:40:00Z,C,71.44444444444443
2024-06-12T10:40:00Z,F,118.02777777777777
2024-06-12T10:40:00Z,S,968.12
2024-06-12T10:45:00Z,C,75.6916666666667
2024-06-12T10:45:00Z,F,120.71666666666665
2024-06-12T10:45:00Z,S,973.3563218390805
2024-06-12T10:50:00Z,C,71.88888888888886
2024-06-12T10:50:00Z,F,119.30555555555556
2024-06-12T10:50:00Z,S,1072.28
2024-06-12T10:55:00Z,C,72.36111111111114
2024-06-12T10:55:00Z,F,119.58333333333334
2024-06-12T10:55:00Z,S,1116.48
2024-06-12T11:00:00Z,C,75.95833333333337
2024-06-12T11:00:00Z,F,121.44166666666666
2024-06-12T11:00:00Z,S,1127.7931034482758
2024-06-12T11:05:00Z,C,72.63888888888886
2024-06-12T11:05:00Z,F,120.61111111111111
2024-06-12T11:05:00Z,S,1166.16
2024-06-12T11:10:00Z,C,72
2024-06-12T11:10:00Z,F,120.62857142857143
2024-06-12T11:10:00Z,S,1176.44
2024-06-12T11:15:00Z,C,74.78448275862067
2024-06-12T11:15:00Z,F,123.55
2024-06-12T11:15:00Z,S,1167.4712643678163
2024-06-12T11:20:00Z,C,72.55555555555557
2024-06-12T11:20:00Z,F,121.94444444444444
2024-06-12T11:20:00Z,S,1201.88
2024-06-12T11:25:00Z,C,72.41666666666669
2024-06-12T11:25:00Z,F,122.91666666666666
2024-06-12T11:25:00Z,S,1202.6399999999999
2024-06-12T11:30:00Z,C,75.69999999999997
2024-06-12T11:30:00Z,F,124.13333333333334
2024-06-12T11:30:00Z,S,1183.8275862068965
2024-06-12T11:35:00Z,C,72.83333333333331
2024-06-12T11:35:00Z,F,122.97142857142856
2024-06-12T11:35:00Z,S,1210.56
2024-06-12T11:40:00Z,C,71.83333333333331
2024-06-12T11:40:00Z,F,123.38888888888889
2024-06-12T11:40:00Z,S,1228.125
2024-06-12T11:45:00Z,C,74.57499999999997
2024-06-12T11:45:00Z,F,124.82905982905983
2024-06-12T11:45:00Z,S,1184.7857142857144
2024-06-12T11:50:00Z,C,72.41666666666669
2024-06-12T11:50:00Z,F,122.77142857142857
2024-06-12T11:50:00Z,S,1213.84
2024-06-12T11:55:00Z,C,71.97222222222226
2024-06-12T11:55:00Z,F,123.25
2024-06-12T11:55:00Z,S,1216.84
2024-06-12T12:00:00Z,C,75.6833333333333
2024-06-12T12:00:00Z,F,125.50862068965517
2024-06-12T12:00:00Z,S,1197.4597701149426
2024-06-12T12:05:00Z,C,71.75
2024-06-12T12:05:00Z,F,123.19444444444444
2024-06-12T12:05:00Z,S,1219.16
2024-06-12T12:10:00Z,C,72.30555555555557
2024-06-12T12:10:00Z,F,123.41666666666666
2024-06-12T12:10:00Z,S,1221.16
2024-06-12T12:15:00Z,C,76.82499999999997
2024-06-12T12:15:00Z,F,124.81666666666666
2024-06-12T12:15:00Z,S,1199.6206896551726
2024-06-12T12:20:00Z,C,72.28571428571426
2024-06-12T12:20:00Z,F,122.45714285714286
2024-06-12T12:20:00Z,S,1224.44
2024-06-12T12:25:00Z,C,72.91666666666669
2024-06-12T12:25:00Z,F,123.44444444444444
2024-06-12T12:25:00Z,S,1223.88
2024-06-12T12:30:00Z,C,75.89999999999996
2024-06-12T12:30:00Z,F,125.16666666666666
2024-06-12T12:30:00Z,S,1202.218390804598
2024-06-12T12:35:00Z,C,72.02777777777774
2024-06-12T12:35:00Z,F,123.13888888888889
2024-06-12T12:35:00Z,S,1225.96
2024-06-12T12:40:00Z,C,71.83333333333331
2024-06-12T12:40:00Z,F,123.33333333333334
2024-06-12T12:40:00Z,S,1227.16
2024-06-12T12:45:00Z,C,75.4333333333333
2024-06-12T12:45:00Z,F,125.11666666666666
2024-06-12T12:45:00Z,S,1205.9425287356323
2024-06-12T12:50:00Z,C,71.80555555555557
2024-06-12T12:50:00Z,F,123.52777777777777
2024-06-12T12:50:00Z,S,1227.04
2024-06-12T12:55:00Z,C,72.91666666666669
2024-06-12T12:55:00Z,F,123.72222222222223
2024-06-12T12:55:00Z,S,1228.48
2024-06-12T13:00:00Z,C,75.375
2024-06-12T13:00:00Z,F,125.25
2024-06-12T13:00:00Z,S,1209.0919540229884
2024-06-12T13:05:00Z,C,72.55555555555557
2024-06-12T13:05:00Z,F,123.91666666666666
2024-06-12T13:05:00Z,S,1230.44
2024-06-12T13:10:00Z,C,72.44444444444443
2024-06-12T13:10:00Z,F,124.17142857142858
2024-06-12T13:10:00Z,S,1234.04
2024-06-12T13:15:00Z,C,75.74166666666672
2024-06-12T13:15:00Z,F,125.9051724137931
2024-06-12T13:15:00Z,S,1209.1379310344828
2024-06-12T13:20:00Z,C,72.41666666666669
2024-06-12T13:20:00Z,F,123.66666666666666
2024-06-12T13:20:00Z,S,1235.28
2024-06-12T13:25:00Z,C,71.83333333333331
2024-06-12T13:25:00Z,F,122.02941176470588
2024-06-12T13:25:00Z,S,1235.76
2024-06-12T13:30:00Z,C,75.88333333333328
2024-06-12T13:30:00Z,F,125.775
2024-06-12T13:30:00Z,S,1213.8850574712644
2024-06-12T13:35:00Z,C,71.55555555555557
2024-06-12T13:35:00Z,F,123.36111111111111
2024-06-12T13:35:00Z,S,1251.2083333333335
2024-06-12T13:40:00Z,C,72.05555555555557
2024-06-12T13:40:00Z,F,123.58333333333334
2024-06-12T13:40:00Z,S,1238.16
2024-06-12T13:45:00Z,C,75.1833333333333
2024-06-12T13:45:00Z,F,125.45833333333334
2024-06-12T13:45:00Z,S,1220.2758620689656
2024-06-12T13:50:00Z,C,72.55555555555557
2024-06-12T13:50:00Z,F,124.08333333333334
2024-06-12T13:50:00Z,S,1243.8
2024-06-12T13:55:00Z,C,71.91666666666669
2024-06-12T13:55:00Z,F,123.33333333333334
2024-06-12T13:55:00Z,S,1245.12
2024-06-12T14:00:00Z,C,75.71666666666664
2024-06-12T14:00:00Z,F,126.33333333333334
2024-06-12T14:00:00Z,S,1221.32183908046
2024-06-12T14:05:00Z,C,72.19444444444443
2024-06-12T14:05:00Z,F,123.66666666666666
2024-06-12T14:05:00Z,S,1246.56
2024-06-12T14:10:00Z,C,71.97222222222226
2024-06-12T14:10:00Z,F,124.05555555555556
2024-06-12T14:10:00Z,S,1246.44
2024-06-12T14:15:00Z,C,74.90833333333336
2024-06-12T14:15:00Z,F,125.09166666666665
2024-06-12T14:15:00Z,S,1226.8620689655172
2024-06-12T14:20:00Z,C,72.33333333333331
2024-06-12T14:20:00Z,F,123.54285714285714
2024-06-12T14:20:00Z,S,1239.1666666666665
2024-06-12T14:25:00Z,C,71.80555555555557
2024-06-12T14:25:00Z,F,123.75
2024-06-12T14:25:00Z,S,1251.24
2024-06-12T14:30:00Z,C,75.625
2024-06-12T14:30:00Z,F,125.38333333333334
2024-06-12T14:30:00Z,S,1229.7586206896553
2024-06-12T14:35:00Z,C,72.36111111111114
2024-06-12T14:35:00Z,F,123.80555555555556
2024-06-12T14:35:00Z,S,1251.8
2024-06-12T14:40:00Z,C,71.13888888888886
2024-06-12T14:40:00Z,F,124
2024-06-12T14:40:00Z,S,1252.96
2024-06-12T14:45:00Z,C,74.98333333333332
2024-06-12T14:45:00Z,F,125.43333333333334
2024-06-12T14:45:00Z,S,1243.6071428571427
2024-06-12T14:50:00Z,C,72.22222222222226
2024-06-12T14:50:00Z,F,123.52777777777777
2024-06-12T14:50:00Z,S,1257.6
2024-06-12T14:55:00Z,C,72.13888888888886
2024-06-12T14:55:00Z,F,124.30555555555556
2024-06-12T14:55:00Z,S,1256.3600000000001
2024-06-12T15:00:00Z,C,76.14166666666668
2024-06-12T15:00:00Z,F,125.61666666666666
2024-06-12T15:00:00Z,S,1237.16091954023
2024-06-12T15:05:00Z,C,71.61111111111114
2024-06-12T15:05:00Z,F,124.38888888888889
2024-06-12T15:05:00Z,S,1262.4
2024-06-12T15:10:00Z,C,72.38888888888886
2024-06-12T15:10:00Z,F,124.30555555555556
2024-06-12T15:10:00Z,S,1259
2024-06-12T15:15:00Z,C,75.67500000000003
2024-06-12T15:15:00Z,F,125.725
2024-06-12T15:15:00Z,S,1240.5172413793105
2024-06-12T15:20:00Z,C,71.77777777777774
2024-06-12T15:20:00Z,F,124.08333333333334
2024-06-12T15:20:00Z,S,1262.48
2024-06-12T15:25:00Z,C,72.08333333333331
2024-06-12T15:25:00Z,F,124.38888888888889
2024-06-12T15:25:00Z,S,1265.3600000000001
2024-06-12T15:30:00Z,C,75.3083333333333
2024-06-12T15:30:00Z,F,126.34166666666665
2024-06-12T15:30:00Z,S,1242.7471264367819
2024-06-12T15:35:00Z,C,71.44444444444443
2024-06-12T15:35:00Z,F,124.38888888888889
2024-06-12T15:35:00Z,S,1265.6799999999998
2024-06-12T15:40:00Z,C,72.16666666666669
2024-06-12T15:40:00Z,F,124.27777777777777
2024-06-12T15:40:00Z,S,1267.92
2024-06-12T15:45:00Z,C,75.67500000000003
2024-06-12T15:45:00Z,F,126.30833333333334
2024-06-12T15:45:00Z,S,1247.9195402298851
2024-06-12T15:50:00Z,C,71.97222222222226
2024-06-12T15:50:00Z,F,124.8
2024-06-12T15:50:00Z,S,1268.88
2024-06-12T15:55:00Z,C,71.77777777777774
2024-06-12T15:55:00Z,F,125.34285714285714
2024-06-12T15:55:00Z,S,1273.88
2024-06-12T16:00:00Z,C,75.17500000000003
2024-06-12T16:00:00Z,F,126.21666666666665
2024-06-12T16:00:00Z,S,1253.6436781609198
2024-06-12T16:05:00Z,C,71.28571428571426
2024-06-12T16:05:00Z,F,124.44444444444444
2024-06-12T16:05:00Z,S,1272.8
2024-06-12T16:10:00Z,C,71.72222222222226
2024-06-12T16:10:00Z,F,124.61111111111111
2024-06-12T16:10:00Z,S,1275.88
2024-06-12T16:15:00Z,C,75.42500000000003
2024-06-12T16:15:00Z,F,125.825
2024-06-12T16:15:00Z,S,1253.2528735632181
2024-06-12T16:20:00Z,C,71.27777777777774
2024-06-12T16:20:00Z,F,124
2024-06-12T16:20:00Z,S,1276.48
2024-06-12T16:25:00Z,C,72.08333333333331
2024-06-12T16:25:00Z,F,124.72222222222223
2024-06-12T16:25:00Z,S,1276.04
2024-06-12T16:30:00Z,C,75.83333333333337
2024-06-12T16:30:00Z,F,126.425
2024-06-12T16:30:00Z,S,1255.6896551724137
2024-06-12T16:35:00Z,C,71.86111111111114
2024-06-12T16:35:00Z,F,124.38888888888889
2024-06-12T16:35:00Z,S,1280.3200000000002
2024-06-12T16:40:00Z,C,72.05555555555557
2024-06-12T16:40:00Z,F,124.88888888888889
2024-06-12T16:40:00Z,S,1279.6399999999999
2024-06-12T16:45:00Z,C,74.75833333333328
2024-06-12T16:45:00Z,F,126.19166666666666
2024-06-12T16:45:00Z,S,1273.289156626506
2024-06-12T16:50:00Z,C,72.05555555555557
2024-06-12T16:50:00Z,F,124.47222222222223
2024-06-12T16:50:00Z,S,1274
2024-06-12T16:55:00Z,C,71.22857142857146
2024-06-12T16:55:00Z,F,124.83333333333334
2024-06-12T16:55:00Z,S,1285.48
2024-06-12T17:00:00Z,C,75.21666666666664
2024-06-12T17:00:00Z,F,125.65833333333335
2024-06-12T17:00:00Z,S,1263.9770114942528
2024-06-12T17:05:00Z,C,72.27777777777774
2024-06-12T17:05:00Z,F,125.22222222222223
2024-06-12T17:05:00Z,S,1285.3200000000002
2024-06-12T17:10:00Z,C,72.11111111111114
2024-06-12T17:10:00Z,F,124.75
2024-06-12T17:10:00Z,S,1285.16
2024-06-12T17:15:00Z,C,74.25
2024-06-12T17:15:00Z,F,126.8
2024-06-12T17:15:00Z,S,1269.551724137931
2024-06-12T17:20:00Z,C,71.94444444444443
2024-06-12T17:20:00Z,F,124.38888888888889
2024-06-12T17:20:00Z,S,1294.08
2024-06-12T17:25:00Z,C,71.5
2024-06-12T17:25:00Z,F,125.05555555555556
2024-06-12T17:25:00Z,S,1297.04
2024-06-12T17:30:00Z,C,75.03333333333336
2024-06-12T17:30:00Z,F,126.56666666666666
2024-06-12T17:30:00Z,S,1274.7241379310344
2024-06-12T17:35:00Z,C,72.13888888888886
2024-06-12T17:35:00Z,F,124.94444444444444
2024-06-12T17:35:00Z,S,1295.24
2024-06-12T17:40:00Z,C,71.77777777777774
2024-06-12T17:40:00Z,F,124.86111111111111
2024-06-12T17:40:00Z,S,1313.4583333333335
2024-06-12T17:45:00Z,C,75.51666666666668
2024-06-12T17:45:00Z,F,126.475
2024-06-12T17:45:00Z,S,1277.4252873563219
2024-06-12T17:50:00Z,C,71.72222222222226
2024-06-12T17:50:00Z,F,125.58333333333334
2024-06-12T17:50:00Z,S,1305.2
2024-06-12T17:55:00Z,C,71.66666666666669
2024-06-12T17:55:00Z,F,125.16666666666666
2024-06-12T17:55:00Z,S,1304.12
2024-06-12T18:00:00Z,C,75.125
2024-06-12T18:00:00Z,F,126.81666666666666
2024-06-12T18:00:00Z,S,1282.1309523809523
2024-06-12T18:05:00Z,C,71.69444444444443
2024-06-12T18:05:00Z,F,125
2024-06-12T18:05:00Z,S,1306.08
2024-06-12T18:10:00Z,C,71.97222222222226
2024-06-12T18:10:00Z,F,125.08333333333334
2024-06-12T18:10:00Z,S,1303.08
2024-06-12T18:15:00Z,C,75.00833333333328
2024-06-12T18:15:00Z,F,126.80833333333334
2024-06-12T18:15:00Z,S,1282.6206896551726
2024-06-12T18:20:00Z,C,71.55555555555557
2024-06-12T18:20:00Z,F,124.97222222222223
2024-06-12T18:20:00Z,S,1301.0833333333335
2024-06-12T18:25:00Z,C,71.86111111111114
2024-06-12T18:25:00Z,F,124.83333333333334
2024-06-12T18:25:00Z,S,1307.56
2024-06-12T18:30:00Z,C,74.9333333333333
2024-06-12T18:30:00Z,F,126.19166666666666
2024-06-12T18:30:00Z,S,1284.1494252873563
2024-06-12T18:35:00Z,C,71.86111111111114
2024-06-12T18:35:00Z,F,125.22222222222223
2024-06-12T18:35:00Z,S,1310.92
2024-06-12T18:40:00Z,C,72.02777777777774
2024-06-12T18:40:00Z,F,125.52777777777777
2024-06-12T18:40:00Z,S,1307.88
2024-06-12T18:45:00Z,C,75.36666666666672
2024-06-12T18:45:00Z,F,127.05833333333334
2024-06-12T18:45:00Z,S,1285.206896551724
2024-06-12T18:50:00Z,C,72.08333333333331
2024-06-12T18:50:00Z,F,124.08571428571429
2024-06-12T18:50:00Z,S,1308.8
2024-06-12T18:55:00Z,C,71.97222222222226
2024-06-12T18:55:00Z,F,124.75
2024-06-12T18:55:00Z,S,1311.2800000000002
2024-06-12T19:00:00Z,C,75.16666666666663
2024-06-12T19:00:00Z,F,125.67241379310346
2024-06-12T19:00:00Z,S,1293.3103448275863
2024-06-13T09:00:00Z,C,74.89999999999996
2024-06-13T09:00:00Z,F,116.63333333333334
2024-06-13T09:00:00Z,S,1009.421686746988
2024-06-13T09:05:00Z,C,71.5
2024-06-13T09:05:00Z,F,114.16666666666666
2024-06-13T09:05:00Z,S,1024.92
2024-06-13T09:10:00Z,C,71.02777777777774
2024-06-13T09:10:00Z,F,114.83333333333334
2024-06-13T09:10:00Z,S,1024.04
2024-06-13T09:15:00Z,C,74.9416666666667
2024-06-13T09:15:00Z,F,116.5
2024-06-13T09:15:00Z,S,1013.3103448275863
2024-06-13T09:20:00Z,C,71.36111111111114
2024-06-13T09:20:00Z,F,114.19444444444444
2024-06-13T09:20:00Z,S,1020.36
2024-06-13T09:25:00Z,C,71.5
2024-06-13T09:25:00Z,F,114.05555555555556
2024-06-13T09:25:00Z,S,1021.8
2024-06-13T09:30:00Z,C,74.89999999999996
2024-06-13T09:30:00Z,F,116.08333333333334
2024-06-13T09:30:00Z,S,1009.8275862068965
2024-06-13T09:35:00Z,C,71.75
2024-06-13T09:35:00Z,F,114.25
2024-06-13T09:35:00Z,S,1018.12
2024-06-13T09:40:00Z,C,71.61111111111114
2024-06-13T09:40:00Z,F,113.97222222222223
2024-06-13T09:40:00Z,S,1016.92
2024-06-13T09:45:00Z,C,73.69827586206893
2024-06-13T09:45:00Z,F,116.01666666666668
2024-06-13T09:45:00Z,S,1003.0919540229886
2024-06-13T09:50:00Z,C,71.44444444444443
2024-06-13T09:50:00Z,F,113.94444444444444
2024-06-13T09:50:00Z,S,1010.36
2024-06-13T09:55:00Z,C,71.5
2024-06-13T09:55:00Z,F,113.94444444444444
2024-06-13T09:55:00Z,S,1014.125
2024-06-13T10:00:00Z,C,75.09166666666664
2024-06-13T10:00:00Z,F,115.95
2024-06-13T10:00:00Z,S,1015.0843373493976
2024-06-13T10:05:00Z,C,71
2024-06-13T10:05:00Z,F,113.97222222222223
2024-06-13T10:05:00Z,S,1011.56
2024-06-13T10:10:00Z,C,71.86111111111114
2024-06-13T10:10:00Z,F,113.66666666666666
2024-06-13T10:10:00Z,S,1007.64
2024-06-13T10:15:00Z,C,74.27499999999996
2024-06-13T10:15:00Z,F,115.81666666666666
2024-06-13T10:15:00Z,S,994.2873563218391
2024-06-13T10:20:00Z,C,71.61111111111113
2024-06-13T10:20:00Z,F,113.86111111111111
2024-06-13T10:20:00Z,S,1002.8399999999999
2024-06-13T10:25:00Z,C,70.59999999999998
2024-06-13T10:25:00Z,F,114.45714285714286
2024-06-13T10:25:00Z,S,1002.8399999999999
2024-06-13T10:30:00Z,C,74.85833333333332
2024-06-13T10:30:00Z,F,116.55833333333334
2024-06-13T10:30:00Z,S,1020.896551724138
2024-06-13T10:35:00Z,C,71.38888888888887
2024-06-13T10:35:00Z,F,119.33333333333334
2024-06-13T10:35:00Z,S,1096.2083333333333
2024-06-13T10:40:00Z,C,71.11111111111114
2024-06-13T10:40:00Z,F,121
2024-06-13T10:40:00Z,S,1128.36
2024-06-13T10:45:00Z,C,75.3083333333333
2024-06-13T10:45:00Z,F,123.88888888888889
2024-06-13T10:45:00Z,S,1185.816091954023
2024-06-13T10:50:00Z,C,71.5
2024-06-13T10:50:00Z,F,122.58333333333334
2024-06-13T10:50:00Z,S,1290.84
2024-06-13T10:55:00Z,C,71.22222222222226
2024-06-13T10:55:00Z,F,123.16666666666666
2024-06-13T10:55:00Z,S,1312.08
2024-06-13T11:00:00Z,C,74.97500000000004
2024-06-13T11:00:00Z,F,125.2
2024-06-13T11:00:00Z,S,1298.7586206896553
2024-06-13T11:05:00Z,C,71.72222222222226
2024-06-13T11:05:00Z,F,124.66666666666666
2024-06-13T11:05:00Z,S,1321.76
2024-06-13T11:10:00Z,C,71.52777777777774
2024-06-13T11:10:00Z,F,124.75
2024-06-13T11:10:00Z,S,1325.28
2024-06-13T11:15:00Z,C,75.09166666666664
2024-06-13T11:15:00Z,F,127.31666666666666
2024-06-13T11:15:00Z,S,1310.8850574712644
2024-06-13T11:20:00Z,C,71.16666666666669
2024-06-13T11:20:00Z,F,125.66666666666666
2024-06-13T11:20:00Z,S,1350.4166666666665
2024-06-13T11:25:00Z,C,71.55555555555557
2024-06-13T11:25:00Z,F,126.22222222222223
2024-06-13T11:25:00Z,S,1346.8
2024-06-13T11:30:00Z,C,75.08333333333337
2024-06-13T11:30:00Z,F,127.76666666666668
2024-06-13T11:30:00Z,S,1327.8160919540228
2024-06-13T11:35:00Z,C,71.22222222222226
2024-06-13T11:35:00Z,F,126.47222222222223
2024-06-13T11:35:00Z,S,1349
2024-06-13T11:40:00Z,C,71.38888888888886
2024-06-13T11:40:00Z,F,126.47222222222223
2024-06-13T11:40:00Z,S,1352.0416666666665
2024-06-13T11:45:00Z,C,74.55000000000003
2024-06-13T11:45:00Z,F,128.45833333333331
2024-06-13T11:45:00Z,S,1328.3563218390802
2024-06-13T11:50:00Z,C,71.36111111111113
2024-06-13T11:50:00Z,F,126.47222222222223
2024-06-13T11:50:00Z,S,1353.52
2024-06-13T11:55:00Z,C,71.05555555555557
2024-06-13T11:55:00Z,F,126.65714285714286
2024-06-13T11:55:00Z,S,1351.6799999999998
2024-06-13T12:00:00Z,C,75.0583333333333
2024-06-13T12:00:00Z,F,128.38333333333333
2024-06-13T12:00:00Z,S,1331.5632183908046
2024-06-13T12:05:00Z,C,71.25
2024-06-13T12:05:00Z,F,126.66666666666666
2024-06-13T12:05:00Z,S,1374.4583333333335
2024-06-13T12:10:00Z,C,71.41666666666669
2024-06-13T12:10:00Z,F,126.91666666666666
2024-06-13T12:10:00Z,S,1361.3200000000002
2024-06-13T12:15:00Z,C,75.08333333333337
2024-06-13T12:15:00Z,F,128.125
2024-06-13T12:15:00Z,S,1341.2758620689656
2024-06-13T12:20:00Z,C,71.61111111111114
2024-06-13T12:20:00Z,F,126.80555555555556
2024-06-13T12:20:00Z,S,1364.44
2024-06-13T12:25:00Z,C,71.86111111111114
2024-06-13T12:25:00Z,F,126
2024-06-13T12:25:00Z,S,1366.76
2024-06-13T12:30:00Z,C,74.47500000000004
2024-06-13T12:30:00Z,F,128.28333333333333
2024-06-13T12:30:00Z,S,1344.9080459770116
2024-06-13T12:35:00Z,C,71.33333333333331
2024-06-13T12:35:00Z,F,126.11111111111111
2024-06-13T12:35:00Z,S,1365.88
2024-06-13T12:40:00Z,C,71
2024-06-13T12:40:00Z,F,126.94444444444444
2024-06-13T12:40:00Z,S,1371.3600000000001
2024-06-13T12:45:00Z,C,74.88333333333328
2024-06-13T12:45:00Z,F,128.56666666666666
2024-06-13T12:45:00Z,S,1349.4597701149426
2024-06-13T12:50:00Z,C,71.36111111111114
2024-06-13T12:50:00Z,F,127.22222222222223
2024-06-13T12:50:00Z,S,1371.96
2024-06-13T12:55:00Z,C,71.02777777777774
2024-06-13T12:55:00Z,F,126.52777777777777
2024-06-13T12:55:00Z,S,1372.6799999999998
2024-06-13T13:00:00Z,C,73.18965517241382
2024-06-13T13:00:00Z,F,128.63333333333333
2024-06-13T13:00:00Z,S,1352.0459770114944
2024-06-13T13:05:00Z,C,71.02777777777774
2024-06-13T13:05:00Z,F,127.11111111111111
2024-06-13T13:05:00Z,S,1373.72
2024-06-13T13:10:00Z,C,70.69444444444443
2024-06-13T13:10:00Z,F,127.05555555555556
2024-06-13T13:10:00Z,S,1376.6799999999998
2024-06-13T13:15:00Z,C,75.26666666666668
2024-06-13T13:15:00Z,F,128.11666666666667
2024-06-13T13:15:00Z,S,1354.344827586207
2024-06-13T13:20:00Z,C,70.94444444444443
2024-06-13T13:20:00Z,F,126.47222222222223
2024-06-13T13:20:00Z,S,1375.44
2024-06-13T13:25:00Z,C,71.38888888888886
2024-06-13T13:25:00Z,F,127.30555555555556
2024-06-13T13:25:00Z,S,1377
2024-06-13T13:30:00Z,C,75.09166666666664
2024-06-13T13:30:00Z,F,128.34166666666667
2024-06-13T13:30:00Z,S,1355.0689655172416
2024-06-13T13:35:00Z,C,71.41666666666669
2024-06-13T13:35:00Z,F,126.14285714285714
2024-06-13T13:35:00Z,S,1379.6799999999998
2024-06-13T13:40:00Z,C,71.41666666666669
2024-06-13T13:40:00Z,F,127.38888888888889
2024-06-13T13:40:00Z,S,1379.96
2024-06-13T13:45:00Z,C,74.375
2024-06-13T13:45:00Z,F,128.14166666666668
2024-06-13T13:45:00Z,S,1358.6666666666665
2024-06-13T13:50:00Z,C,71.11111111111114
2024-06-13T13:50:00Z,F,127.08333333333334
2024-06-13T13:50:00Z,S,1384.16
2024-06-13T13:55:00Z,C,71.41666666666669
2024-06-13T13:55:00Z,F,126.91666666666666
2024-06-13T13:55:00Z,S,1383.08
2024-06-13T14:00:00Z,C,74.96666666666664
2024-06-13T14:00:00Z,F,128.54166666666669
2024-06-13T14:00:00Z,S,1360.4022988505747
2024-06-13T14:05:00Z,C,71.05555555555557
2024-06-13T14:05:00Z,F,127.38888888888889
2024-06-13T14:05:00Z,S,1384.16
2024-06-13T14:10:00Z,C,71.05555555555557
2024-06-13T14:10:00Z,F,127.16666666666666
2024-06-13T14:10:00Z,S,1386.28
2024-06-13T14:15:00Z,C,74.50833333333328
2024-06-13T14:15:00Z,F,128.86666666666667
2024-06-13T14:15:00Z,S,1362.3563218390802
2024-06-13T14:20:00Z,C,71.16666666666669
2024-06-13T14:20:00Z,F,126.75
2024-06-13T14:20:00Z,S,1387.4
2024-06-13T14:25:00Z,C,71.69444444444443
2024-06-13T14:25:00Z,F,126.31428571428572
2024-06-13T14:25:00Z,S,1387.96
2024-06-13T14:30:00Z,C,74.77499999999996
2024-06-13T14:30:00Z,F,128.65833333333333
2024-06-13T14:30:00Z,S,1366.0689655172416
2024-06-13T14:35:00Z,C,71.30555555555557
2024-06-13T14:35:00Z,F,127.38888888888889
2024-06-13T14:35:00Z,S,1390.16
2024-06-13T14:40:00Z,C,70.41666666666669
2024-06-13T14:40:00Z,F,126.94444444444444
2024-06-13T14:40:00Z,S,1390.56
2024-06-13T14:45:00Z,C,74.9333333333333
2024-06-13T14:45:00Z,F,128.63333333333333
2024-06-13T14:45:00Z,S,1367.965517241379
2024-06-13T14:50:00Z,C,71.16666666666669
2024-06-13T14:50:00Z,F,127.05555555555556
2024-06-13T14:50:00Z,S,1395.12
2024-06-13T14:55:00Z,C,70.52777777777774
2024-06-13T14:55:00Z,F,126.66666666666666
2024-06-13T14:55:00Z,S,1398.6
2024-06-13T15:00:00Z,C,74.90833333333336
2024-06-13T15:00:00Z,F,128.60833333333332
2024-06-13T15:00:00Z,S,1374.2988505747126
2024-06-13T15:05:00Z,C,71.05555555555557
2024-06-13T15:05:00Z,F,126.91666666666666
2024-06-13T15:05:00Z,S,1395.8
2024-06-13T15:10:00Z,C,71.33333333333331
2024-06-13T15:10:00Z,F,127.52777777777777
2024-06-13T15:10:00Z,S,1397.2800000000002
2024-06-13T15:15:00Z,C,74.58333333333337
2024-06-13T15:15:00Z,F,129.50833333333333
2024-06-13T15:15:00Z,S,1376.8735632183907
2024-06-13T15:20:00Z,C,71.38888888888886
2024-06-13T15:20:00Z,F,127.11111111111111
2024-06-13T15:20:00Z,S,1401.16
2024-06-13T15:25:00Z,C,71.52777777777774
2024-06-13T15:25:00Z,F,127.19444444444444
2024-06-13T15:25:00Z,S,1401.3600000000001
2024-06-13T15:30:00Z,C,74.53333333333336
2024-06-13T15:30:00Z,F,128.7
2024-06-13T15:30:00Z,S,1378.1839080459772
2024-06-13T15:35:00Z,C,70.88888888888887
2024-06-13T15:35:00Z,F,127.5
2024-06-13T15:35:00Z,S,1400.92
2024-06-13T15:40:00Z,C,70.22857142857146
2024-06-13T15:40:00Z,F,127.41666666666666
2024-06-13T15:40:00Z,S,1403.04
2024-06-13T15:45:00Z,C,73.39999999999996
2024-06-13T15:45:00Z,F,127.64655172413794
2024-06-13T15:45:00Z,S,1382.4022988505747
2024-06-13T15:50:00Z,C,70.83333333333331
2024-06-13T15:50:00Z,F,127.58333333333334
2024-06-13T15:50:00Z,S,1405.92
2024-06-13T15:55:00Z,C,71.52777777777774
2024-06-13T15:55:00Z,F,127.38888888888889
2024-06-13T15:55:00Z,S,1409.24
2024-06-13T16:00:00Z,C,73.88333333333328
2024-06-13T16:00:00Z,F,129.01666666666668
2024-06-13T16:00:00Z,S,1383.344827586207
2024-06-13T16:05:00Z,C,71.02777777777774
2024-06-13T16:05:00Z,F,128.05555555555554
2024-06-13T16:05:00Z,S,1403.84
2024-06-13T16:10:00Z,C,70.27777777777774
2024-06-13T16:10:00Z,F,127.41666666666666
2024-06-13T16:10:00Z,S,1408.16
2024-06-13T16:15:00Z,C,74.14999999999996
2024-06-13T16:15:00Z,F,129.70833333333331
2024-06-13T16:15:00Z,S,1387.4137931034484
2024-06-13T16:20:00Z,C,70.58333333333331
2024-06-13T16:20:00Z,F,127.5
2024-06-13T16:20:00Z,S,1412.4
2024-06-13T16:25:00Z,C,70.75
2024-06-13T16:25:00Z,F,128.05555555555554
2024-06-13T16:25:00Z,S,1412.2
2024-06-13T16:30:00Z,C,74.625
2024-06-13T16:30:00Z,F,129.31666666666666
2024-06-13T16:30:00Z,S,1389.5057471264367
2024-06-13T16:35:00Z,C,70.25
2024-06-13T16:35:00Z,F,127.30555555555556
2024-06-13T16:35:00Z,S,1414.48
2024-06-13T16:40:00Z,C,71.13888888888886
2024-06-13T16:40:00Z,F,127.75
2024-06-13T16:40:00Z,S,1413.44
2024-06-13T16:45:00Z,C,74.77777777777773
2024-06-13T16:45:00Z,F,129.09166666666667
2024-06-13T16:45:00Z,S,1393.1149425287356
2024-06-13T16:50:00Z,C,70.80555555555557
2024-06-13T16:50:00Z,F,127.77777777777777
2024-06-13T16:50:00Z,S,1416.16
2024-06-13T16:55:00Z,C,71.05555555555557
2024-06-13T16:55:00Z,F,127
2024-06-13T16:55:00Z,S,1416.6799999999998
2024-06-13T17:00:00Z,C,73.99166666666672
2024-06-13T17:00:00Z,F,129.25833333333333
2024-06-13T17:00:00Z,S,1395.8275862068965
2024-06-13T17:05:00Z,C,70.44444444444443
2024-06-13T17:05:00Z,F,127.66666666666666
2024-06-13T17:05:00Z,S,1417.08
2024-06-13T17:10:00Z,C,70.66666666666669
2024-06-13T17:10:00Z,F,127.58333333333334
2024-06-13T17:10:00Z,S,1420.44
2024-06-13T17:15:00Z,C,73.94999999999997
2024-06-13T17:15:00Z,F,129.4
2024-06-13T17:15:00Z,S,1394.9425287356323
2024-06-13T17:20:00Z,C,71.13888888888886
2024-06-13T17:20:00Z,F,128.27777777777777
2024-06-13T17:20:00Z,S,1422.16
2024-06-13T17:25:00Z,C,70.83333333333331
2024-06-13T17:25:00Z,F,127.94444444444444
2024-06-13T17:25:00Z,S,1419.28
2024-06-13T17:30:00Z,C,74.30000000000003
2024-06-13T17:30:00Z,F,129.03333333333333
2024-06-13T17:30:00Z,S,1402.2413793103447
2024-06-13T17:35:00Z,C,70.63888888888886
2024-06-13T17:35:00Z,F,127.86111111111111
2024-06-13T17:35:00Z,S,1422.6799999999998
2024-06-13T17:40:00Z,C,70.05555555555557
2024-06-13T17:40:00Z,F,127.77777777777777
2024-06-13T17:40:00Z,S,1424.3600000000001
2024-06-13T17:45:00Z,C,73.58333333333337
2024-06-13T17:45:00Z,F,128.29310344827587
2024-06-13T17:45:00Z,S,1401.965517241379
2024-06-13T17:50:00Z,C,70.83333333333331
2024-06-13T17:50:00Z,F,128.11111111111111
2024-06-13T17:50:00Z,S,1429.56
2024-06-13T17:55:00Z,C,70.13888888888887
2024-06-13T17:55:00Z,F,127.63888888888889
2024-06-13T17:55:00Z,S,1431.12
2024-06-13T18:00:00Z,C,73.6916666666667
2024-06-13T18:00:00Z,F,129.63333333333333
2024-06-13T18:00:00Z,S,1408.32183908046
2024-06-13T18:05:00Z,C,71.25
2024-06-13T18:05:00Z,F,128.41666666666666
2024-06-13T18:05:00Z,S,1429.4
2024-06-13T18:10:00Z,C,70.58333333333331
2024-06-13T18:10:00Z,F,128.13888888888889
2024-06-13T18:10:00Z,S,1431.48
2024-06-13T18:15:00Z,C,74.48333333333332
2024-06-13T18:15:00Z,F,129.525
2024-06-13T18:15:00Z,S,1430.7590361445782
2024-06-13T18:20:00Z,C,70.55555555555557
2024-06-13T18:20:00Z,F,127.97222222222223
2024-06-13T18:20:00Z,S,1433.6799999999998
2024-06-13T18:25:00Z,C,71.30555555555557
2024-06-13T18:25:00Z,F,128.25
2024-06-13T18:25:00Z,S,1432.16
2024-06-13T18:30:00Z,C,74.10833333333332
2024-06-13T18:30:00Z,F,129.775
2024-06-13T18:30:00Z,S,1410.3103448275863
2024-06-13T18:35:00Z,C,71.77777777777774
2024-06-13T18:35:00Z,F,127.91666666666666
2024-06-13T18:35:00Z,S,1435.04
2024-06-13T18:40:00Z,C,70.5
2024-06-13T18:40:00Z,F,127.86111111111111
2024-06-13T18:40:00Z,S,1439.6399999999999
2024-06-13T18:45:00Z,C,74.54166666666663
2024-06-13T18:45:00Z,F,128.0854700854701
2024-06-13T18:45:00Z,S,1417.287356321839
2024-06-13T18:50:00Z,C,70.63888888888886
2024-06-13T18:50:00Z,F,127.6
2024-06-13T18:50:00Z,S,1438
2024-06-13T18:55:00Z,C,70.02777777777774
2024-06-13T18:55:00Z,F,128.58333333333334
2024-06-13T18:55:00Z,S,1441.92
2024-06-13T19:00:00Z,C,73.77499999999996
2024-06-13T19:00:00Z,F,129.975
2024-06-13T19:00:00Z,S,1415.4597701149426
